date,银行,基金,保险,券商,理财子,其他
2023-01-03,12.619999999999997,13.27,-18.46,-34.519999999999996,16.57,10.52
2023-01-04,-1.8100000000000058,7.359999999999999,-26.46,8.14,-9.3,22.07
2023-01-05,-8.349999999999994,7.520000000000001,-16.81,11.459999999999999,-6.21,12.400000000000006
2023-01-06,23.27000000000001,35.4,0.9299999999999999,-70.02,-10.68,21.1
2023-01-09,31.97,-10.78,-11.879999999999999,1.1400000000000006,-1.6500000000000001,-8.77
2023-01-10,62.059999999999995,-38.97,6.3,-58.0,-0.71,29.349999999999998
2023-01-11,76.81,-92.17,5.7700000000000005,35.17,-0.050000000000000044,-25.54
2023-01-12,-11.169999999999998,-5.479999999999999,10.67,6.67,4.2299999999999995,-4.9399999999999995
2023-01-13,50.16,-20.34,1.29,-24.5,-13.27,6.67
2023-01-16,168.81,-81.65,7.7299999999999995,-97.97,-1.8199999999999998,4.910000000000001
2023-01-17,9.83000000000002,-41.28,2.1100000000000003,5.790000000000002,0.7000000000000002,22.880000000000003
2023-01-18,-5.0600000000000005,13.41,-2.49,-25.940000000000005,-3.68,23.740000000000002
2023-01-19,8.820000000000007,21.439999999999998,-2.79,-57.53,4.07,25.96
2023-01-20,-39.52,-0.13000000000000034,0.09999999999999998,20.669999999999998,-2.62,21.51
2023-01-28,0.3899999999999997,0.0,0.0,-0.4,0.0,0.0
2023-01-29,5.08,0.0,0.0,-0.89,-1.18,-3.0
2023-01-30,-48.24,14.17,-0.6300000000000003,67.2,4.18,-36.67
2023-01-31,-5.640000000000001,-0.9799999999999995,2.25,0.5699999999999983,-8.23,12.03
2023-02-01,3.419999999999999,28.810000000000002,-1.2499999999999996,-7.53,1.23,-24.68
2023-02-02,17.64,20.810000000000002,-3.22,13.08,-5.72,-42.59
2023-02-03,-49.51,51.11,-2.170000000000001,9.78,2.3099999999999996,-11.55
2023-02-06,47.16,-18.430000000000003,-0.48,-19.0,2.69,-11.94
2023-02-07,-162.46,48.43,7.52,93.85,-5.79,18.48
2023-02-08,-99.32,-5.58,-6.63,88.30999999999999,0.7799999999999999,22.439999999999998
2023-02-09,-60.349999999999994,-14.080000000000002,-3.25,79.75,-1.9600000000000002,-0.08999999999999986
2023-02-10,-54.81999999999999,29.78,-0.8200000000000001,8.439999999999998,0.2500000000000001,17.15
2023-02-13,14.780000000000001,25.930000000000003,-2.56,-35.3,-8.18,5.319999999999999
2023-02-14,-100.31,10.950000000000001,-0.36,83.74,0.47,5.510000000000001
2023-02-15,-25.09,56.18000000000001,6.45,-12.540000000000001,-3.04,-21.96
2023-02-16,-58.250000000000014,8.51,-1.7699999999999998,81.66,-3.3499999999999996,-26.81
2023-02-17,-71.2,28.159999999999997,0.47,36.269999999999996,0.09999999999999987,6.18
2023-02-20,65.39,-17.09,-5.19,3.759999999999998,-0.72,-46.160000000000004
2023-02-21,146.79999999999995,-17.4,-10.75,-88.88999999999999,0.32000000000000006,-30.08
2023-02-22,-12.109999999999992,-8.669999999999998,1.6099999999999999,57.47,-3.21,-35.089999999999996
2023-02-23,3.719999999999999,-5.24,4.59,15.71,-3.67,-15.120000000000001
2023-02-24,-60.27999999999999,-11.03,6.56,44.2,1.59,18.98
2023-02-27,-92.14999999999999,33.059999999999995,-3.38,79.55,-6.029999999999999,-11.059999999999999
2023-02-28,-62.92,4.0,9.64,69.53999999999999,-1.96,-18.3
2023-03-01,-10.619999999999997,-15.68,4.630000000000001,26.979999999999997,-1.5899999999999999,-3.6999999999999993
2023-03-02,69.02,6.109999999999999,0.86,-74.44,0.29,-1.8399999999999999
2023-03-03,105.85000000000001,-17.66,-10.41,-89.44,-1.3900000000000001,13.049999999999999
2023-03-06,-125.31,19.08,-1.53,62.980000000000004,-3.96,48.72
2023-03-07,-223.32,42.28,0.8400000000000003,151.76999999999998,-0.18999999999999995,28.620000000000005
2023-03-08,-98.36,60.739999999999995,-5.13,-22.130000000000003,6.92,57.95
2023-03-09,-46.239999999999995,1.0199999999999996,1.42,39.510000000000005,-3.34,7.62
2023-03-10,-136.25,52.7,-0.8099999999999998,43.64,-5.82,46.519999999999996
2023-03-13,-90.31000000000002,66.3,0.43999999999999995,-2.34,3.7199999999999998,22.2
2023-03-14,-63.769999999999996,96.0,-1.4,-14.87,-0.26999999999999996,-15.649999999999999
2023-03-15,-166.85,89.61,-1.54,21.450000000000003,0.13000000000000012,57.22
2023-03-16,-164.03,85.36,-8.43,88.73,-3.3599999999999994,1.74
2023-03-17,-259.48,152.45000000000002,5.27,74.58,3.49,23.67
2023-03-20,-96.82,135.79,1.37,-65.82,-0.61,26.08
2023-03-21,-44.79,66.28999999999999,-1.1400000000000006,-48.39,2.65,25.37
2023-03-22,4.38000000000001,57.92,-0.1299999999999999,-25.96,-2.77,-33.470000000000006
2023-03-23,-66.97999999999999,107.36,8.15,-67.05,1.9,16.610000000000003
2023-03-24,42.829999999999984,11.799999999999997,12.35,-64.13,2.29,-5.100000000000001
2023-03-27,-63.09,4.3100000000000005,4.78,50.42,-0.41000000000000003,4.0
2023-03-28,-96.75,54.14,22.11,29.74,-1.81,-7.41
2023-03-29,-141.21,97.69,45.94,-20.549999999999997,0.8,17.32
2023-03-30,-38.540000000000006,7.82,67.18,-11.139999999999997,0.7699999999999999,-26.09
2023-03-31,-61.13,26.1,41.0,-73.91,0.0,67.96000000000001
2023-04-03,34.63000000000001,133.25,-102.52,-69.97,2.67,1.94
2023-04-04,18.249999999999986,23.86,-3.76,-36.74,2.48,-4.109999999999999
2023-04-06,-79.25,78.96000000000001,0.6399999999999997,-9.98,0.3,9.319999999999999
2023-04-07,-87.38,47.67,-13.72,54.239999999999995,1.9199999999999997,-2.74
2023-04-10,-208.92999999999998,55.559999999999995,-15.96,104.91,0.9400000000000004,63.51
2023-04-11,-132.07999999999998,46.79,-7.699999999999999,75.78,-1.6099999999999999,18.83
2023-04-12,-248.01999999999998,150.97,0.019999999999999574,87.12,-3.57,13.5
2023-04-13,-18.549999999999997,68.47,3.95,-52.92,-0.9600000000000001,0.0
2023-04-14,105.58000000000001,-124.3,3.0200000000000005,-6.67,1.3699999999999999,20.99
2023-04-17,58.89999999999999,-14.910000000000002,3.2,-61.57,-2.0,16.38
2023-04-18,-24.959999999999994,18.7,1.4699999999999993,-7.510000000000005,-6.03,18.330000000000002
2023-04-19,-125.48,50.02,4.16,-4.880000000000003,4.51,71.66999999999999
2023-04-20,-10.060000000000002,46.05,5.63,-80.02,1.09,37.32
2023-04-21,-6.449999999999999,35.980000000000004,3.4400000000000004,-9.61,-2.21,-21.13
2023-04-23,-0.5099999999999998,0.0,0.0,-2.7755575615628914e-17,0.0,0.5
2023-04-24,-231.97,60.74,1.3000000000000003,138.67000000000002,-0.61,31.880000000000003
2023-04-25,-86.78999999999999,116.09,5.44,-60.60999999999999,4.7299999999999995,21.14
2023-04-26,-112.69,25.52,-3.4700000000000006,86.22,2.2,2.2200000000000006
2023-04-27,-408.55,155.69,28.25,154.22,2.12,68.27
2023-04-28,-210.17,39.37,22.060000000000002,32.33,6.5600000000000005,109.85000000000001
2023-05-04,-158.51,78.42,1.5500000000000003,17.51,1.79,59.25
2023-05-05,-65.20000000000002,36.54,4.92,-1.6800000000000006,3.7199999999999998,21.72
2023-05-06,-0.6199999999999974,0.0,1.93,1.32,-1.01,-1.63
2023-05-08,-112.6,83.81,-5.24,39.97,-4.24,-1.6799999999999997
2023-05-09,38.03000000000003,-71.09,-9.030000000000001,22.08,-4.12,24.129999999999992
2023-05-10,-152.85,12.690000000000001,-8.33,77.46,0.21999999999999997,70.84
2023-05-11,-211.55999999999997,157.36,3.07,47.56,3.65,-0.07000000000000384
2023-05-12,2.4399999999999693,48.3,-24.39,-31.849999999999998,7.19,-1.7399999999999984
2023-05-15,-22.499999999999993,-11.46,3.77,49.290000000000006,6.04,-25.17
2023-05-16,87.59999999999997,-19.68,1.17,-55.19,-4.35,-9.55
2023-05-17,-24.869999999999997,5.620000000000001,-1.4800000000000004,1.5099999999999998,-1.4100000000000001,20.659999999999997
2023-05-18,127.74000000000002,-37.43,-19.520000000000003,-35.83,2.34,-37.28
2023-05-19,-95.18,36.34,-0.1399999999999999,83.47,0.4900000000000001,-24.959999999999997
2023-05-22,-134.35,71.7,-1.8599999999999999,59.2,-0.32000000000000006,5.610000000000001
2023-05-23,-217.29999999999998,46.0,2.41,158.7,2.91,7.25
2023-05-24,-226.07,189.75,4.76,-1.8000000000000043,3.09,30.25
2023-05-25,56.28999999999999,-11.610000000000003,1.04,-18.1,3.27,-30.88
2023-05-26,79.16999999999999,-79.86,1.4500000000000002,29.450000000000003,2.25,-32.45
2023-05-29,-76.32000000000001,-3.909999999999998,4.02,100.57,1.81,-26.16
2023-05-30,-38.97,-47.84,3.33,30.310000000000002,12.76,40.43
2023-05-31,-88.93,24.68,3.58,5.079999999999998,-4.27,59.84
2023-06-01,-128.7,69.53,5.76,84.56,0.43000000000000016,-31.58
2023-06-02,50.01999999999998,-7.809999999999999,-5.890000000000001,-54.65,4.9,13.409999999999998
2023-06-05,169.57,-51.88,4.9,-76.44,2.18,-48.31999999999999
2023-06-06,-186.25,-14.71,-5.8100000000000005,131.23000000000002,-0.17999999999999994,75.72
2023-06-07,-249.28000000000003,76.47,-7.459999999999999,98.21,5.699999999999999,76.33
2023-06-08,-75.00999999999999,72.57,6.390000000000001,-18.96,2.13,12.870000000000001
2023-06-09,-179.13,22.159999999999997,-4.76,162.61,-5.72,4.82
2023-06-12,-434.77,185.79000000000002,15.599999999999998,183.93,-5.539999999999999,54.99
2023-06-13,-233.69,61.07,13.73,40.31,-1.58,120.16
2023-06-14,-161.26999999999998,90.1,-15.02,50.949999999999996,1.59,33.67
2023-06-15,128.25,-37.4,20.71,-118.87,9.170000000000002,-1.8699999999999992
2023-06-16,215.74,-138.82000000000002,18.62,-78.43,-0.5899999999999999,-16.519999999999996
2023-06-19,154.82000000000002,-59.55,18.43,-105.7,-1.0,-6.990000000000002
2023-06-20,158.64,-110.37,7.77,-23.62,-13.96,-18.450000000000003
2023-06-21,-95.84,87.32,7.130000000000001,-12.06,-4.65,18.1
2023-06-25,-1.83,1.02,0.2,0.0,0.0,0.6
2023-06-26,34.66,36.05,16.580000000000002,-114.53,2.06,25.169999999999998
2023-06-27,-9.530000000000001,7.99,34.47,-36.47,-5.07,8.64
2023-06-28,-58.82000000000001,-2.959999999999999,30.91,32.58,-0.18999999999999995,-1.5
2023-06-29,-115.19,47.489999999999995,33.27,9.169999999999998,-1.7600000000000002,27.049999999999997
2023-06-30,-109.01,44.08,16.15,20.759999999999998,1.24,26.759999999999998
2023-07-03,-15.090000000000005,132.68,-57.97,-89.53999999999999,-0.8,30.7
2023-07-04,192.92000000000002,-34.65,-22.0,-94.14,-4.449999999999999,-37.67
2023-07-05,125.96,0.13000000000000078,-34.230000000000004,-89.33,3.02,-5.539999999999999
2023-07-06,-40.66,37.89,4.23,-20.41,-0.20000000000000007,19.18
2023-07-07,15.380000000000003,36.57,0.76,-53.980000000000004,-1.01,2.2600000000000007
2023-07-10,-46.34,39.1,2.8099999999999996,-49.519999999999996,2.02,51.91
2023-07-11,-115.11000000000001,60.33,-3.5900000000000003,45.82,-4.77,17.32
2023-07-12,-97.87,66.63,4.6499999999999995,4.500000000000001,5.52,16.57
2023-07-13,80.17,-23.009999999999998,-1.42,-64.78999999999999,-1.7999999999999998,10.83
2023-07-14,83.64999999999998,-16.080000000000002,8.149999999999999,-64.06,4.11,-15.76
2023-07-17,-161.84999999999997,-0.9699999999999989,14.19,164.85000000000002,0.4500000000000001,-16.689999999999998
2023-07-18,-166.41,76.28999999999999,2.7199999999999998,81.41,-4.75,10.74
2023-07-19,-140.16,121.65,1.2000000000000002,-6.260000000000002,-4.01,27.570000000000004
2023-07-20,43.75,4.439999999999998,4.73,-61.72,7.96,0.8600000000000003
2023-07-21,-127.6,45.589999999999996,-3.11,83.09,2.8400000000000003,-0.7800000000000047
2023-07-24,-142.84,144.21,4.450000000000001,-19.07,-4.4,17.63
2023-07-25,163.63000000000002,-10.940000000000001,0.4900000000000002,-168.23,-4.01,19.08
2023-07-26,575.33,-263.38,-0.4399999999999995,-193.83,7.62,-125.34
2023-07-27,-63.790000000000006,42.09,-2.5,-4.68,6.98,21.89
2023-07-28,88.75,-30.36,-3.4299999999999997,-61.15,-6.92,13.13
2023-07-31,216.72999999999996,-134.73000000000002,-11.879999999999999,-14.59,-0.32,-55.199999999999996
2023-08-01,188.86,-65.05,3.1199999999999997,-132.78,5.48,0.33999999999999986
2023-08-02,43.78,-34.61,3.63,-28.490000000000002,-5.750000000000001,21.430000000000003
2023-08-03,-52.66,25.21,-9.2,20.560000000000002,-0.5,16.57
2023-08-04,-21.020000000000007,-15.41,-2.6100000000000003,6.890000000000001,-0.32000000000000006,32.47
2023-08-07,-79.49000000000001,35.019999999999996,-6.35,23.79,0.3799999999999999,26.65
2023-08-08,-106.36000000000001,52.6,-4.16,11.91,-3.8499999999999996,49.82000000000001
2023-08-09,-89.88999999999999,10.01,-3.0599999999999996,31.02,6.18,45.72
2023-08-10,17.79999999999999,-15.049999999999999,-6.42,17.0,-2.6599999999999997,-10.7
2023-08-11,-115.02000000000001,24.02,-4.21,107.44,0.0,-12.240000000000002
2023-08-14,-272.88,145.36,8.549999999999999,55.81,-4.380000000000001,67.55
2023-08-15,-217.15999999999997,69.19,1.47,33.95,-1.71,114.25999999999999
2023-08-16,-428.7,254.72999999999996,18.76,77.45,20.759999999999998,57.01
2023-08-17,-45.059999999999995,39.790000000000006,2.0799999999999996,-30.119999999999997,-6.01,39.33
2023-08-18,33.18,-8.45,0.2899999999999996,-33.81,2.15,6.629999999999999
2023-08-21,-276.84000000000003,117.68,-5.08,131.45,-7.92,40.7
2023-08-22,-222.33,136.17000000000002,5.71,11.459999999999997,3.56,65.44999999999999
2023-08-23,37.06,-24.35,2.7800000000000002,-26.04,11.129999999999999,-0.5700000000000003
2023-08-24,-56.65,23.14,17.89,32.04,-1.42,-14.96
2023-08-25,55.37000000000002,-53.3,0.3199999999999994,-13.600000000000001,4.85,6.330000000000001
2023-08-28,153.64999999999998,-39.330000000000005,-4.11,-95.6,10.49,-25.099999999999998
2023-08-29,-270.32,115.74000000000001,11.95,72.98,8.79,60.849999999999994
2023-08-30,31.139999999999986,-58.92,7.42,-3.509999999999998,-1.8199999999999998,25.71
2023-08-31,-12.719999999999999,5.53,4.09,-39.83,2.8099999999999996,40.14
2023-09-01,226.22,-65.38,5.41,-154.53,-1.81,-9.920000000000002
2023-09-04,276.15000000000003,-194.06,0.5,-86.34,-6.3100000000000005,10.029999999999998
2023-09-05,142.22,-88.18,-8.9,-35.44,-13.39,3.6799999999999997
2023-09-06,138.57999999999998,-71.93,2.3,-118.55000000000001,4.0,45.580000000000005
2023-09-07,180.56,-56.85,-22.16,-76.77,-1.7800000000000002,-23.03
2023-09-08,79.82,-93.14,13.27,26.869999999999997,4.369999999999999,-31.17
2023-09-11,-75.31,6.82,10.34,-14.45,-4.08,76.69
2023-09-12,-47.64999999999998,48.940000000000005,6.74,-29.52,-4.25,25.740000000000002
2023-09-13,-84.94,62.96,-4.1899999999999995,23.56,5.42,-2.8200000000000003
2023-09-14,-209.97,87.17,-11.54,122.56,-5.1,16.900000000000002
2023-09-15,-12.679999999999996,93.27,-15.05,-88.04,5.26,17.230000000000004
2023-09-18,132.39,-22.509999999999998,-6.609999999999999,-67.19,4.390000000000001,-40.44
2023-09-19,55.23,11.099999999999998,6.17,-79.9,3.08,4.33
2023-09-20,50.06,-56.75,-1.2,18.509999999999998,-1.7800000000000002,-8.849999999999998
2023-09-21,-49.14,-26.54,18.91,69.80999999999999,4.7700000000000005,-17.81
2023-09-22,2.5999999999999943,58.44,3.68,-72.21000000000001,-1.46,8.97
2023-09-25,-175.26999999999998,35.21,51.11,117.84,2.8200000000000003,-31.72
2023-09-26,21.0,-101.78999999999999,30.61,71.52,1.9900000000000002,-23.31
2023-09-27,-25.0,-11.37,21.950000000000003,-3.719999999999999,-7.33,25.48
2023-09-28,-49.00999999999999,5.68,13.23,-10.52,-1.41,42.01
2023-10-07,1.3300000000000018,0.0,-0.2,0.0,0.0,-1.12
2023-10-08,1.63,0.0,-1.12,0.0,-0.3,-0.2
2023-10-09,13.379999999999995,56.85,-7.039999999999999,-47.46,-0.6699999999999999,-15.09
2023-10-10,46.45,-31.82,-4.93,-15.72,0.05999999999999994,5.960000000000001
2023-10-11,157.19,-67.24000000000001,0.06000000000000005,-104.69,-0.8300000000000001,15.51
2023-10-12,150.17,-83.8,-11.88,-39.79,-1.3399999999999999,-13.340000000000003
2023-10-13,4.420000000000016,-24.560000000000002,-2.4500000000000006,2.799999999999997,-0.63,20.419999999999998
2023-10-16,-46.91999999999999,78.92,-4.88,0.7199999999999998,-2.4899999999999998,-25.35
2023-10-17,56.96999999999999,-7.490000000000001,-0.57,-50.47,1.5399999999999998,0.009999999999999787
2023-10-18,135.15,-47.52,-0.15000000000000013,-92.03,-0.79,5.310000000000001
2023-10-19,156.56,-77.93,1.6700000000000002,-33.33,6.61,-53.599999999999994
2023-10-20,139.82,-36.73,-0.6199999999999997,-121.81,-5.13,24.48
2023-10-23,-46.52,50.54,2.68,-19.39,0.08000000000000007,12.620000000000001
2023-10-24,-61.360000000000014,9.66,0.78,73.22999999999999,-4.34,-17.94
2023-10-25,-1.5700000000000003,23.76,-1.02,-57.04,7.97,27.89
2023-10-26,17.620000000000005,28.94,11.32,-37.35,-9.32,-11.21
2023-10-27,-285.11999999999995,28.419999999999998,19.880000000000003,226.34,-2.37,12.85
2023-10-30,37.45,-55.89,-5.79,0.9400000000000004,1.07,22.23
2023-10-31,-102.32000000000001,39.370000000000005,1.03,27.34,-0.47,35.02
2023-11-01,-164.85,107.49000000000001,-0.33999999999999997,23.0,-1.31,36.02
2023-11-02,-53.89999999999999,25.5,-0.5099999999999998,64.35,-12.95,-22.48
2023-11-03,-170.34,74.76,8.520000000000001,77.38999999999999,-8.629999999999999,18.319999999999997
2023-11-06,-33.78,92.31,-2.8599999999999994,-5.790000000000001,-25.36,-24.52
2023-11-07,21.370000000000005,-16.01,2.41,-0.5299999999999994,-32.5,25.24
2023-11-08,57.63000000000001,-8.22,-5.27,5.380000000000001,-15.040000000000001,-34.5
2023-11-09,-100.65000000000002,97.67,-3.1599999999999997,-7.249999999999999,-6.63,20.02
2023-11-10,-36.07000000000001,-30.63,3.8000000000000003,87.85,-3.2299999999999995,-21.729999999999997
2023-11-13,3.3699999999999974,33.33,-1.9899999999999998,-40.510000000000005,-1.3600000000000003,7.16
2023-11-14,24.49000000000001,-18.81,3.0100000000000002,-49.669999999999995,-2.37,43.36
2023-11-15,79.12,-58.239999999999995,4.64,-29.46,-18.27,22.2
2023-11-16,-9.209999999999999,4.729999999999999,2.67,0.8399999999999999,-3.8900000000000006,4.84
2023-11-17,-73.99,59.56999999999999,3.59,-15.7,-14.6,41.13
2023-11-20,-29.669999999999998,47.150000000000006,2.2199999999999998,-8.27,-6.4399999999999995,-4.9799999999999995
2023-11-21,79.74,0.11000000000000032,0.9599999999999999,-54.93,-8.03,-17.880000000000003
2023-11-22,148.76999999999998,-89.9,3.09,-17.9,4.19,-48.260000000000005
2023-11-23,137.17,-72.76,4.67,-57.5,-12.07,0.5000000000000004
2023-11-24,109.46000000000001,-22.46,7.819999999999999,-93.12,8.55,-10.259999999999998
2023-11-27,70.17,-26.22,3.27,-52.95,1.08,4.640000000000001
2023-11-28,-75.34,0.5399999999999991,-15.479999999999999,26.42,3.81,60.040000000000006
2023-11-29,-290.37000000000006,20.84,6.19,157.17,-12.36,118.53
2023-11-30,-73.25,41.16,-2.0100000000000002,8.4,-5.61,31.310000000000002
2023-12-01,-70.32000000000001,21.14,5.010000000000001,20.73,-8.01,31.43
2023-12-04,35.55,12.489999999999998,-2.62,-33.68,-4.880000000000001,-6.839999999999999
2023-12-05,30.06,-21.78,7.199999999999999,16.299999999999997,-4.93,-26.82
2023-12-06,-4.2499999999999964,-0.14999999999999858,6.54,-2.1799999999999997,-0.8400000000000003,0.9000000000000004
2023-12-07,-29.46,-2.910000000000001,4.53,20.919999999999998,0.10999999999999988,6.81
2023-12-08,-89.46,45.15,0.3,15.060000000000002,-11.33,40.269999999999996
2023-12-11,-108.15,75.51,-1.71,10.63,3.05,20.689999999999998
2023-12-12,-135.17999999999998,83.33,-6.7,13.039999999999996,-13.99,59.49999999999999
2023-12-13,-206.51999999999998,119.28,3.65,55.99000000000001,0.7999999999999998,26.780000000000005
2023-12-14,-148.12,101.4,2.15,-21.03,-9.36,74.97
2023-12-15,-74.41999999999999,-33.83,13.569999999999999,49.11,4.66,40.89
2023-12-18,-251.5,159.01999999999998,18.41,19.980000000000004,-2.8799999999999994,56.92999999999999
2023-12-19,-41.84,15.84,19.919999999999998,-30.810000000000002,-3.85,40.74
2023-12-20,14.540000000000003,-11.61,29.65,-21.51,-9.77,-1.290000000000001
2023-12-21,-60.889999999999986,72.02,26.87,-53.739999999999995,-0.81,16.55
2023-12-22,-249.22999999999996,95.78,24.78,35.050000000000004,1.03,92.59
2023-12-25,-360.18999999999994,208.07999999999998,32.660000000000004,77.18,-0.7700000000000005,43.040000000000006
2023-12-26,-173.89,102.03,23.85,-5.399999999999999,-6.17,59.599999999999994
2023-12-27,-36.24,-24.689999999999998,27.36,19.15,-4.6,19.0
2023-12-28,-115.33,71.88,15.88,-14.07,-3.78,45.41
2023-12-29,-16.250000000000007,3.8699999999999974,0.6900000000000002,-22.720000000000002,2.9200000000000004,31.5
2024-01-02,33.95,-2.680000000000007,12.32,-32.71,-2.82,-8.07
2024-01-03,103.42999999999999,-88.6,18.12,-31.199999999999996,2.83,-4.600000000000001
2024-01-04,-109.59,-8.279999999999998,12.620000000000001,90.38999999999999,2.54,12.32
2024-01-05,-228.05,125.53999999999999,-3.75,108.53999999999999,-5.0200000000000005,2.75
2024-01-08,-150.65,168.34,22.37,-51.449999999999996,-4.21,15.600000000000001
2024-01-09,-141.18,3.379999999999999,16.98,78.9,5.42,36.5
2024-01-10,-181.39,154.48,12.030000000000001,-22.22,3.24,33.86
2024-01-11,47.45999999999998,-56.99,6.510000000000001,-8.03,-7.42,18.49
2024-01-12,24.95,-110.82000000000001,10.18,0.15000000000000568,8.66,66.89000000000001
2024-01-15,169.73000000000002,-44.5,16.21,-90.47,3.6400000000000006,-54.6
2024-01-16,39.420000000000016,4.6,0.9100000000000001,-79.23,4.17,30.110000000000003
2024-01-17,-24.369999999999997,-2.6800000000000015,-6.3999999999999995,25.78,4.289999999999999,3.369999999999999
2024-01-18,-141.81,116.93,13.07,-34.93,5.71,41.06
2024-01-19,-104.02999999999999,35.86,15.62,44.29,-1.71,9.979999999999999
2024-01-22,-377.48,75.99000000000001,14.02,239.08999999999997,-0.27,48.63
2024-01-23,-289.08,209.92000000000002,34.11,-34.78,3.3100000000000005,76.53
2024-01-24,76.26,-75.4,19.79,-11.12,2.92,-12.489999999999998
2024-01-25,-119.48000000000002,26.059999999999995,-11.889999999999999,18.92,2.4699999999999998,83.94
2024-01-26,-85.74,84.56,0.04999999999999971,-20.240000000000002,-4.2,25.560000000000002
2024-01-29,-137.88,8.7,6.9,97.48,1.4300000000000002,23.37
2024-01-30,-222.61,72.69,12.59,60.1,-3.7299999999999995,80.96000000000001
2024-01-31,-283.94,103.12,16.46,99.59,-1.6600000000000001,66.45
2024-02-01,30.859999999999985,40.51,5.65,-147.91,-7.3,78.23
2024-02-02,167.23,-66.28,2.1,-96.65,-6.08,-0.33000000000000185
2024-02-04,-6.25,0.0,2.17,0.51,0.0,3.5300000000000002
2024-02-05,-381.74,140.14000000000001,28.880000000000003,116.83,6.2,89.66000000000001
2024-02-06,28.900000000000006,-16.309999999999995,4.35,-55.769999999999996,9.85,28.970000000000002
2024-02-07,162.11,-134.33,3.2800000000000002,-50.56,6.0,13.540000000000003
2024-02-08,-52.64,50.08,3.04,-17.509999999999998,2.26,14.77
2024-02-09,-0.22,0.0,0.0,0.0,0.0,0.22
2024-02-18,2.400000000000002,0.0,-0.1,-2.12,-0.2,0.0
2024-02-19,64.53,-68.16,-8.04,-11.48,-2.07,25.23
2024-02-20,-5.6699999999999875,-59.17999999999999,8.52,72.65,5.06,-21.400000000000002
2024-02-21,-106.78999999999999,64.66,-1.1500000000000004,12.64,8.57,22.1
2024-02-22,-7.569999999999993,-70.9,10.06,-19.25,11.559999999999999,76.13999999999999
2024-02-23,-252.09,105.56,14.25,123.77000000000001,4.6,3.9299999999999997
2024-02-26,-124.06000000000002,92.16,11.18,-16.340000000000003,2.39,34.660000000000004
2024-02-27,-216.43,142.56,8.43,22.32,12.5,30.619999999999997
2024-02-28,-157.11,93.1,6.01,-29.249999999999993,1.1500000000000004,86.06
2024-02-29,-192.66,120.06,5.400000000000002,29.990000000000006,11.78,25.459999999999994
2024-03-01,170.05999999999997,7.61,9.81,-157.64000000000001,13.18,-42.980000000000004
2024-03-04,370.04,-241.43,-14.52,-45.31,3.6100000000000003,-72.38
2024-03-05,-250.10000000000002,129.86,-25.900000000000002,123.85,2.34,19.939999999999998
2024-03-06,-494.42,251.20999999999998,28.439999999999998,150.25,-2.66,67.15
2024-03-07,-77.56,67.52000000000001,1.0,-47.339999999999996,6.6,49.75999999999999
2024-03-08,284.58000000000004,-132.24,-7.489999999999999,-89.63,-7.83,-47.42
2024-03-11,245.89,-140.91,-12.299999999999999,-63.24,7.96,-37.41
2024-03-12,384.76,-233.32,-17.41,-31.4,-10.63,-92.0
2024-03-13,326.94000000000005,-208.5,-9.98,-27.549999999999997,-0.9800000000000004,-79.92
2024-03-14,57.79999999999999,-54.75,9.67,17.98,3.25,-33.96
2024-03-15,52.85000000000002,46.81,5.190000000000001,-81.82,1.33,-24.36
2024-03-18,-317.58000000000004,232.01000000000002,9.75,-32.28,6.76,101.35
2024-03-19,-481.36,312.22,-4.4,121.05000000000001,-3.72,56.2
2024-03-20,-113.55,152.13,0.9100000000000001,-138.47,7.3100000000000005,91.68
2024-03-21,150.39000000000004,-48.269999999999996,-9.22,-103.65,-3.0700000000000003,13.800000000000002
2024-03-22,-80.94,38.54,-5.119999999999999,44.09,1.66,1.7899999999999974
2024-03-25,130.9,41.09,33.53,-144.19,7.33,-68.69
2024-03-26,122.78000000000003,-88.23,-4.7,-2.1400000000000006,11.71,-39.43
2024-03-27,-102.65,-17.319999999999997,9.81,35.61000000000001,0.0600000000000005,74.49000000000001
2024-03-28,-377.21,224.17000000000002,-12.399999999999997,121.13999999999999,-11.8,56.099999999999994
2024-03-29,-57.55,59.65,18.65,-97.89999999999999,-4.88,82.02
2024-04-01,-42.06999999999999,85.97,-26.64,-30.49,9.25,3.979999999999997
2024-04-02,253.73000000000002,-121.05,15.55,-150.71,12.05,-9.590000000000002
2024-04-03,-109.47,24.92,2.1500000000000004,53.349999999999994,-2.6599999999999997,31.69
2024-04-07,0.41000000000000014,0.0,0.0,-0.21,-0.19,0.0
2024-04-08,-205.04,115.84,5.5200000000000005,35.160000000000004,1.23,47.27
2024-04-09,-217.04,54.37,13.14,139.88,-0.06999999999999984,9.709999999999999
2024-04-10,-344.03,196.85,32.63,77.18,4.99,32.379999999999995
2024-04-11,139.60000000000002,-83.15,12.19,-29.279999999999998,1.7900000000000005,-41.16
2024-04-12,-242.32,64.96,5.64,117.34,2.34,52.03
2024-04-15,-603.4499999999999,371.23,23.91,73.49000000000001,0.2300000000000002,134.57999999999998
2024-04-16,-319.93,23.08,5.7700000000000005,209.13,-13.68,95.63
2024-04-17,-437.94999999999993,262.13,-1.42,62.2,-0.06999999999999984,115.09
2024-04-18,-436.24,282.4,21.72,10.740000000000002,-5.96,127.33
2024-04-19,-355.23,148.0,15.4,99.44,11.620000000000001,80.78000000000002
2024-04-22,-187.55,121.74000000000001,18.2,4.100000000000001,1.4399999999999997,42.08
2024-04-23,-337.93,214.72,1.1900000000000013,80.9,-2.93,44.050000000000004
2024-04-24,-188.77999999999997,45.46,26.2,46.94,12.35,57.81
2024-04-25,528.0199999999999,-421.62,10.079999999999998,-124.57,17.35,-9.289999999999997
2024-04-26,-3.5799999999999983,-107.55,-0.019999999999999574,61.29,17.53,32.31999999999999
2024-04-28,-8.269999999999996,0.0,0.19999999999999998,-1.11,0.1,9.099999999999998
2024-04-29,636.0999999999999,-475.51,5.0200000000000005,-93.03,14.450000000000001,-87.05
2024-04-30,107.56,-121.82000000000001,5.5,-42.8,-5.24,56.800000000000004
2024-05-06,7.439999999999998,100.27000000000001,1.21,-148.13,3.52,35.7
2024-05-07,30.619999999999997,-52.81,-10.5,57.07,-8.370000000000001,-16.02
2024-05-08,-148.65,111.74,14.32,-20.03,0.6199999999999999,41.989999999999995
2024-05-09,201.88,-136.15,6.529999999999999,-47.21,0.30999999999999994,-25.400000000000002
2024-05-10,335.32000000000005,-120.03,10.540000000000001,-121.81,8.71,-112.75
2024-05-11,-5.01,0.0,0.11,-3.15,0.4,7.66
2024-05-13,76.76000000000002,-175.04,-6.92,119.22,11.05,-25.060000000000002
2024-05-14,-207.39999999999998,83.42,5.04,21.33,-6.1000000000000005,103.66
2024-05-15,-44.17,42.22,13.41,-15.21,-7.24,10.989999999999998
2024-05-16,165.59999999999994,-12.280000000000001,-6.61,-117.38,-0.7599999999999999,-28.590000000000003
2024-05-17,185.27,-115.58,-19.43,-12.46,2.37,-40.17
2024-05-20,42.25,-80.97,7.23,91.01,1.65,-61.19
2024-05-21,49.39,-58.33,-17.11,-23.21,-5.619999999999999,54.900000000000006
2024-05-22,65.88,-23.96,-2.11,-19.75,3.6,-23.650000000000002
2024-05-23,-55.71000000000001,21.93,-2.4799999999999995,8.5,1.22,26.519999999999996
2024-05-24,-124.27000000000001,158.13,-2.1499999999999995,-90.06,-5.42,63.77
2024-05-27,-46.46000000000001,-11.03,7.789999999999999,7.910000000000003,10.870000000000001,30.95
2024-05-28,-281.66999999999996,52.31,-0.11000000000000032,176.70999999999998,2.3,50.45
2024-05-29,-677.11,151.06,1.6400000000000001,392.28999999999996,11.379999999999999,120.72
2024-05-30,-184.32999999999998,116.61,-6.77,-16.32,4.74,86.07
2024-05-31,-59.53,110.63,7.99,-129.28,-17.04,87.21
2024-06-03,-5.3799999999999955,24.2,7.710000000000001,-37.57,13.620000000000001,-2.5999999999999996
2024-06-04,-199.75,48.05,2.56,82.48,-5.4399999999999995,72.11
2024-06-05,-184.77999999999997,125.5,7.71,43.64,-0.6,8.549999999999999
2024-06-06,-306.28,194.37,11.51,44.86,2.14,53.36
2024-06-07,-148.23000000000002,115.27,13.02,5.189999999999998,2.06,12.680000000000001
2024-06-11,-243.79,93.63,2.18,102.42,-1.4300000000000002,46.959999999999994
2024-06-12,-206.51,144.99,8.65,5.200000000000001,7.119999999999999,40.54
2024-06-13,-124.86999999999998,44.989999999999995,1.5899999999999999,19.299999999999997,18.3,40.68
2024-06-14,-425.13,199.77,11.809999999999999,69.63,5.59,138.31
2024-06-17,-450.48,216.25,19.5,109.07,16.619999999999997,89.03999999999999
2024-06-18,-302.78,149.1,5.21,70.58,-4.7,82.6
2024-06-19,-416.52,217.88,19.26,66.71,10.2,102.46000000000001
2024-06-20,-397.36,229.68,5.76,92.50999999999999,-16.08,85.5
2024-06-21,-68.64999999999999,9.639999999999999,4.99,-7.22,6.220000000000001,54.99999999999999
2024-06-24,-56.45,-0.5800000000000001,23.5,6.029999999999999,4.65,22.869999999999997
2024-06-25,-299.40999999999997,158.29000000000002,33.0,42.05,0.8399999999999999,65.22999999999999
2024-06-26,-325.08,249.76,13.48,-20.98,-3.1300000000000003,85.94999999999999
2024-06-27,-369.1,162.69,19.12,100.94,-4.49,90.8
2024-06-28,-308.22,244.64999999999998,16.23,-49.870000000000005,-2.5300000000000002,99.74
2024-07-01,-92.14,18.29,16.07,-0.8300000000000054,10.85,47.74999999999999
2024-07-02,391.05,-386.81,18.02,1.2000000000000028,-7.13,-16.330000000000002
2024-07-03,-227.18,72.84,4.9,18.4,12.75,118.31
2024-07-04,56.97999999999999,76.96000000000001,-0.24,-152.57999999999998,4.84,14.03
2024-07-05,91.14999999999998,-98.95,-0.6799999999999996,14.769999999999996,-1.8200000000000003,-4.4700000000000015
2024-07-08,391.32,-300.5,14.55,-72.86,5.37,-37.870000000000005
2024-07-09,87.61000000000001,-188.24,10.51,42.269999999999996,1.08,46.78
2024-07-10,-159.47,91.80999999999999,11.21,-49.49,1.17,104.75999999999999
2024-07-11,-113.1,16.53,14.52,35.81,2.2300000000000004,44.01
2024-07-12,-110.05999999999999,162.54999999999998,-0.64,-92.96000000000001,-4.64,45.739999999999995
2024-07-15,-329.45,152.86,4.05,149.39,2.7,20.439999999999998
2024-07-16,-255.24,139.43,3.92,8.77,-4.51,107.62
2024-07-17,-116.94999999999999,98.73,-6.01,-24.74,4.1,44.9
2024-07-18,-142.26000000000002,97.87,12.23,-38.65,2.33,68.49
2024-07-19,-89.17999999999999,-22.45,1.5700000000000003,79.85,-0.1299999999999999,30.38
2024-07-22,-380.36,149.1,-2.1,144.99,2.4,85.97
2024-07-23,-521.18,268.23,2.9799999999999995,104.41999999999999,12.69,132.85
2024-07-24,-381.40999999999997,283.38,16.09,-4.739999999999995,1.93,84.73
2024-07-25,-257.04999999999995,123.2,15.36,18.339999999999996,6.12,94.0
2024-07-26,-534.75,267.53,37.65,69.03,26.82,133.75
2024-07-29,-225.11999999999998,120.24000000000001,6.4,13.700000000000001,5.92,78.84
2024-07-30,-321.44,175.4,12.299999999999999,56.129999999999995,-0.33999999999999986,77.94
2024-07-31,-89.28,11.34,11.01,-12.080000000000005,6.7,72.32
2024-08-01,-26.97999999999999,0.8200000000000001,12.780000000000001,-5.900000000000002,13.799999999999999,5.480000000000004
2024-08-02,-275.9,217.94,7.390000000000001,-51.74,-14.629999999999999,116.93
2024-08-05,-226.88000000000005,89.94,6.74,44.17000000000001,13.959999999999999,72.05
2024-08-06,-356.80999999999995,70.57,21.990000000000002,52.129999999999995,14.54,197.58
2024-08-07,-282.83000000000004,24.940000000000005,18.47,-44.72,10.24,273.88
2024-08-08,-76.47,41.3,-5.0,-21.75,-0.8400000000000002,62.769999999999996
2024-08-09,311.86,-208.01999999999998,18.8,-176.29,1.31,52.370000000000005
2024-08-12,193.17000000000002,-164.24,33.29,-169.75,-3.11,110.63
2024-08-13,151.99999999999997,-261.27,21.04,82.07000000000001,-12.690000000000001,18.83
2024-08-14,-178.13,100.75,22.5,27.8,1.06,26.03
2024-08-15,49.809999999999995,7.330000000000002,8.62,-34.9,3.7299999999999995,-34.57
2024-08-16,290.82,-158.81,-2.9299999999999997,-38.52,0.2799999999999998,-90.82000000000001
2024-08-19,-22.899999999999995,13.649999999999999,0.33999999999999986,-14.32,-1.0,24.240000000000002
2024-08-20,-84.34,64.69,1.1000000000000005,8.200000000000003,0.15000000000000002,10.2
2024-08-21,-6.1000000000000005,-43.660000000000004,-5.63,38.88,5.81,10.69
2024-08-22,25.14,-77.16000000000001,-0.5199999999999998,58.68,4.680000000000001,-10.82
2024-08-23,-27.29,29.17,10.299999999999999,-19.89,-2.6799999999999997,10.4
2024-08-26,-61.01,52.03,10.959999999999999,7.32,-3.91,-5.41
2024-08-27,206.27999999999997,-142.55,-7.15,-4.72,0.21000000000000002,-52.06999999999999
2024-08-28,242.91,-239.19,6.7,43.199999999999996,0.26999999999999996,-53.88
2024-08-29,-197.67,148.57999999999998,7.96,9.64,8.98,22.559999999999995
2024-08-30,-15.519999999999996,21.93,19.52,-46.74,-6.72,27.54
2024-09-02,-63.53999999999999,21.549999999999997,8.58,-4.260000000000001,3.53,34.15
2024-09-03,-303.4,193.18,-0.6400000000000001,73.17,-4.8,42.49
2024-09-04,-216.39,160.0,-4.51,47.010000000000005,0.1200000000000001,13.75
2024-09-05,-318.93,180.15,24.48,24.259999999999998,11.88,78.14
2024-09-06,-144.79000000000002,82.47,18.88,-7.2700000000000005,-4.17,54.879999999999995
2024-09-09,-190.4,73.9,11.35,35.31,6.96,62.849999999999994
2024-09-10,-362.5,172.92,33.67,113.73,1.7800000000000002,40.39000000000001
2024-09-11,-462.88,233.23000000000002,23.17,110.62,3.0,92.87
2024-09-12,-332.91,170.29999999999998,21.21,83.61999999999999,-4.4,62.190000000000005
2024-09-13,-210.54,202.56,22.82,-110.16,-8.48,103.78
2024-09-14,-17.97,0.0,3.72,0.3,1.01,12.93
2024-09-18,-480.36,190.63,74.02,86.52,3.12,126.07000000000001
2024-09-19,-150.62,120.71000000000001,24.83,-28.94,-1.98,36.010000000000005
2024-09-20,88.62,-12.389999999999999,-3.79,-3.9299999999999997,0.72,-69.22999999999999
2024-09-23,-90.46000000000001,49.010000000000005,20.64,52.56,-4.03,-27.68
2024-09-24,67.49,-31.23,0.7900000000000009,-25.08,3.53,-15.479999999999999
2024-09-25,139.34999999999997,13.66,-24.17,-88.17999999999999,-1.3699999999999999,-39.28
2024-09-26,-281.59000000000003,188.51,-6.22,-41.52,4.59,136.22
2024-09-27,503.15999999999997,-155.23,14.120000000000001,-158.34,5.97,-209.69
2024-09-29,21.21,-5.36,-7.1899999999999995,-7.61,4.92,-5.99
2024-09-30,576.6700000000001,-380.1,-42.49,-72.54,-8.27,-73.26
2024-10-08,456.3999999999999,-114.17,-24.59,-257.76,0.0,-59.85
2024-10-09,340.25,-223.09,-29.02,29.42,0.0,-117.55
2024-10-10,21.85,-50.91999999999999,-24.37,57.16,0.0,-3.71
2024-10-11,-185.28,132.67,2.68,-37.79,0.0,87.71000000000001
2024-10-12,-0.6600000000000112,0.0,-0.4199999999999999,-1.25,0.0,2.32
2024-10-14,52.52999999999999,-24.71,44.11,-70.97999999999999,0.0,-0.9400000000000013
2024-10-15,48.75,-98.52,-7.36,85.89,0.0,-28.76
2024-10-16,-240.65,119.81,-11.21,71.65,0.0,60.43
2024-10-17,45.12,-75.82,-4.85,45.78,0.0,-10.24
2024-10-18,-260.9,120.13,1.56,95.59,0.0,43.63
2024-10-21,119.02,-68.74,8.059999999999999,-33.48,0.0,-24.86
2024-10-22,53.18000000000001,-76.83,-7.52,-4.389999999999997,0.0,35.54
2024-10-23,363.26,-270.39,-3.67,-71.52000000000001,0.0,-17.69
2024-10-24,209.22,-162.08,-9.76,-16.34,0.0,-21.02
2024-10-25,-19.08000000000001,32.72,0.9299999999999999,-33.8,0.0,19.23
2024-10-28,-30.78,12.4,9.05,23.41,0.0,-14.08
2024-10-29,-39.85999999999999,-11.96,0.9099999999999999,79.92999999999999,0.0,-28.99
2024-10-30,-62.27999999999999,88.97,-0.93,-56.5,0.0,30.74
2024-10-31,-134.66,3.8,15.13,75.92999999999999,0.0,39.81999999999999
2024-11-01,-160.15,91.24,7.99,49.97,0.0,10.95
2024-11-04,-210.87,145.75,-8.74,4.239999999999998,0.0,69.64
2024-11-05,-115.34,-0.1099999999999999,-7.98,104.75,0.0,18.66
2024-11-06,-195.51,49.22,-6.449999999999999,44.4,0.0,108.32
2024-11-07,41.25,-33.59,0.9500000000000002,-10.22,0.0,1.620000000000001
2024-11-08,-213.21,44.93,-6.92,141.04,0.0,34.15
2024-11-11,-219.33,39.42,-7.73,83.5,0.0,104.12
2024-11-12,-266.51,129.67,-0.8699999999999997,129.95,0.0,7.75
2024-11-13,-232.12,176.98,-2.91,41.62,0.0,16.43
2024-11-14,123.14,-63.16,-10.59,-6.990000000000001,0.0,-42.42
2024-11-15,-2.689999999999993,38.91,-6.27,-28.32,0.0,-1.599999999999999
2024-11-18,112.29,-74.34,-11.81,-24.65,0.0,-1.49
2024-11-19,87.17999999999999,-105.85,-4.65,48.31,0.0,-24.97
2024-11-20,-97.31,48.83,-9.74,54.29,0.0,3.919999999999999
2024-11-21,-41.1,17.8,-6.399999999999999,33.3,0.0,-3.59
2024-11-22,-281.11,154.33,4.48,52.4,0.0,69.89
2024-11-25,-198.44,143.54,2.4,13.94,0.0,38.56
2024-11-26,-185.87,166.45,2.06,-44.85,0.0,62.2
2024-11-27,-169.86,89.30000000000001,47.73999999999999,14.34,0.0,18.48
2024-11-28,5.929999999999991,-36.48,26.66,-9.939999999999998,0.0,13.84
2024-11-29,-345.44,163.83,15.72,124.02,0.0,41.88
2024-12-02,-147.33,131.68,23.01,34.43,0.0,-41.79
2024-12-03,-226.4,135.7,-2.68,80.49,0.0,12.9
2024-12-04,111.41,-77.31,-4.549999999999999,-8.629999999999995,0.0,-20.91
2024-12-05,-286.66,157.41,12.63,-4.080000000000002,0.0,120.69
2024-12-06,-1.859999999999993,-3.44,3.33,-45.38,0.0,47.34
2024-12-09,36.84,-108.31,8.7,7.539999999999999,0.0,55.24
2024-12-10,-143.45,84.21000000000001,45.29,-36.63,0.0,50.55
2024-12-11,189.41,-141.02,-5.52,-44.88,0.0,2.010000000000002
2024-12-12,17.98999999999999,-26.72,18.78,9.8,0.0,-19.86
2024-12-13,82.73000000000002,-0.5399999999999991,-5.32,-28.89,0.0,-47.99
2024-12-16,90.97999999999999,96.59,-8.330000000000002,-139.24,0.0,-40.02
2024-12-17,38.54999999999999,-22.89,-20.72,42.06,0.0,-37.0
2024-12-18,244.76,-56.6,-9.429999999999998,-133.75,0.0,-44.98
2024-12-19,404.44,-152.64,-10.12,-112.69,0.0,-128.98
2024-12-20,-4.65,32.88,-1.05,21.0,0.0,-48.17
2024-12-23,-159.49,173.64,4.12,-61.08,0.0,42.8
2024-12-24,92.72000000000001,-28.76,-3.56,-57.91,0.0,-2.470000000000001
2024-12-25,318.37,-193.2,-38.16,-5.549999999999997,0.0,-81.45
2024-12-26,28.42000000000001,-14.26,-17.53,37.39,0.0,-34.02
2024-12-27,-205.36,165.66,-1.370000000000001,45.7,0.0,-4.62
2024-12-30,-39.69,69.11,44.88,-61.25,0.0,-13.08
2024-12-31,-37.95,17.04,3.99,-8.079999999999998,0.0,24.99
2025-01-02,-1.719999999999995,72.68,-20.42,-106.37,0.0,55.83
2025-01-03,18.99999999999999,151.32,-7.090000000000002,-74.47,0.0,-88.77000000000001
2025-01-06,144.96,41.55,5.800000000000001,-88.47,0.0,-103.85
2025-01-07,90.64000000000001,53.17,-14.84,-120.75,0.0,-8.210000000000003
2025-01-08,387.71,-197.34,-17.91,-137.45,0.0,-34.98
2025-01-09,105.13,-58.86,-26.23,-12.5,0.0,-7.53
2025-01-10,373.37,-278.94,-34.18,2.5,0.0,-62.73999999999999
2025-01-13,167.16,-63.06,-21.24,-53.61,0.0,-29.29
2025-01-14,118.45,-108.68,40.40000000000001,-57.3,0.0,7.120000000000003
2025-01-15,-148.89,45.23,-0.3800000000000008,79.24000000000001,0.0,24.78
2025-01-16,-42.5,97.17,-7.18,-58.87,0.0,11.38
2025-01-17,143.39,-65.88,0.5499999999999998,-25.88,0.0,-52.19
2025-01-20,123.17,-73.64,-3.61,-27.3,0.0,-18.61
2025-01-21,11.65999999999999,-50.73,-9.97,36.98999999999999,0.0,12.02
2025-01-22,-177.7,114.16,2.31,28.68,0.0,32.55
2025-01-23,-72.96999999999998,108.13,11.45,-37.43,0.0,-9.170000000000003
2025-01-24,-42.56,24.96,4.890000000000001,-15.9,0.0,28.63
2025-01-26,-3.96,0.0,0.11,-0.83,0.0,4.66
2025-01-27,-226.42,107.58,1.0,69.33,0.0,48.53
2025-02-05,-173.61,84.03,2.05,50.14,0.0,37.41
2025-02-06,-272.85,181.9,0.46,63.59999999999999,0.0,26.86
2025-02-07,-184.4,142.34,18.9,-36.39,0.0,59.53999999999999
2025-02-08,-3.859999999999999,0.0,0.0,-0.21,0.0,4.07
2025-02-10,152.54,45.7,-3.6,-141.46,0.0,-53.17000000000001
2025-02-11,163.64,-152.21,-5.01,69.28,0.0,-75.67999999999999
2025-02-12,-117.45,61.17,3.44,16.21,0.0,36.65
2025-02-13,23.56,54.24,17.52,-65.41,0.0,-29.9
2025-02-14,41.18999999999999,4.590000000000001,-10.25,-41.13,0.0,5.619999999999997
2025-02-17,350.72,-151.54,-18.99,-97.97999999999999,0.0,-82.25999999999999
2025-02-18,234.49,-241.69,8.64,15.39,0.0,-16.83
2025-02-19,-194.08,-11.52,16.79,173.07,0.0,15.76
2025-02-20,-92.66,127.45,14.64,-125.29,0.0,75.84
2025-02-21,359.43,-228.24,-9.14,-69.61,0.0,-52.4
2025-02-24,292.39,-194.75,-2.980000000000001,-92.7,0.0,-1.969999999999998
2025-02-25,49.76999999999999,-115.92,4.16,73.21000000000001,0.0,-11.23
2025-02-26,-326.28,229.49,11.1,24.47,0.0,61.21
2025-02-27,-73.82000000000001,15.82,4.89,-3.380000000000001,0.0,56.51
2025-02-28,-59.95,-58.8,4.8,13.0,0.0,100.97
2025-03-03,-11.49,26.18,17.3,-69.74000000000001,0.0,37.74
2025-03-04,-43.73,123.86,-0.4299999999999997,-60.27,0.0,-19.46
2025-03-05,119.15,5.67,-20.15,10.92,0.0,-115.6
2025-03-06,45.35999999999999,43.67,1.45,-84.03999999999999,0.0,-6.44
2025-03-07,527.99,-299.6,-7.95,-155.47,0.0,-64.95
2025-03-10,378.55,-281.1900000000001,7.63,-184.19,0.0,79.17999999999999
2025-03-11,231.88,-223.31,-6.569999999999999,11.81,0.0,-13.79
2025-03-12,-194.51,-167.81,23.25,255.89,0.0,83.14999999999999
2025-03-13,-266.12,101.82,26.5,97.44,0.0,40.36
2025-03-14,-12.07999999999999,-33.22,37.48,-121.74,0.0,129.56
2025-03-17,185.75,-139.62,12.05,-41.12,0.0,-17.07
2025-03-18,107.61,-146.84,32.24,22.20999999999999,0.0,-15.24
2025-03-19,-196.25,33.51,19.31,40.11,0.0,103.31
2025-03-20,-187.83,107.48,-5.06,63.69,0.0,21.7
2025-03-21,-363.2,283.09,-1.550000000000001,-5.689999999999998,0.0,87.35000000000001
2025-03-24,-104.07,77.59,10.12,-29.16,0.0,45.5
2025-03-25,-263.79,187.57,11.94,35.95,0.0,28.36
2025-03-26,-69.92999999999999,27.22,5.89,74.42999999999999,0.0,-37.63
2025-03-27,-373.54,276.31,-8.459999999999999,49.62,0.0,56.03
2025-03-28,-152.45,153.46,8.47,-2.559999999999999,0.0,-6.949999999999991
2025-03-31,-150.67,-30.85,20.02,-20.0,0.0,181.52
2025-04-01,31.46,-14.53,-8.35,-87.44000000000001,0.0,78.9
2025-04-02,-228.03,69.08,-3.409999999999999,93.5,0.0,68.87
2025-04-03,-544.5,344.12,13.12,73.92,0.0,113.38
2025-04-07,-794.8199999999999,640.22,9.39,74.31,0.0,70.91
2025-04-08,-590.01,362.33,18.66,136.05,0.0,72.97
2025-04-09,28.77,-67.63,-10.55,18.1,0.0,31.32
2025-04-10,-84.25,-9.2,38.7,7.149999999999995,0.0,47.6
2025-04-11,-122.75,-19.2,5.94,19.05,0.0,116.96
2025-04-14,113.24,-7.260000000000002,4.08,-34.09,0.0,-75.94
2025-04-15,27.29,-37.83,11.83,-55.04,0.0,53.74
2025-04-16,63.91999999999999,-39.95999999999999,5.2,44.15,0.0,-73.32000000000001
2025-04-17,-119.34,20.72,12.96,16.98,0.0,68.68
2025-04-18,41.21,-37.48999999999999,9.32,92.02000000000001,0.0,-105.06
2025-04-21,-25.57,13.06,15.48,-111.52,0.0,108.54
2025-04-22,58.06,-122.7,11.49,128.79,0.0,-75.65
2025-04-23,-124.4,79.69,3.140000000000001,-45.35,0.0,86.89
2025-04-24,209.31,-96.27,5.82,-73.27,0.0,-45.63
2025-04-25,51.12,-0.4400000000000013,5.49,-24.13,0.0,-32.06
2025-04-27,0.6099999999999994,0.0,0.0,0.0,0.0,-0.6099999999999999
2025-04-28,-344.17,45.33,7.84,143.81,0.0,147.19
2025-04-29,-304.9,142.04,-1.71,54.7,0.0,109.85
2025-04-30,-363.08,222.87,14.62,-64.78999999999999,0.0,190.38
2025-05-06,-82.41,20.28,8.64,37.18,0.0,16.31
2025-05-07,152.77,-33.88,-37.27,-98.64,0.0,17.01
2025-05-08,103.29,-132.05,-82.39,87.95,0.0,23.18
2025-05-09,-166.84,192.11,-27.99,-119.29,0.0,122.03
2025-05-12,168.75,-49.06,-44.81,-100.64,0.0,25.73
2025-05-13,525.61,-447.85,0.6699999999999999,10.70999999999999,0.0,-89.13000000000001
2025-05-14,127.37,-26.5,12.35,-160.03,0.0,46.81
2025-05-15,153.09,-110.75,11.78,-25.42,0.0,-28.68
2025-05-16,-43.38000000000001,-62.38,16.35,70.74000000000001,0.0,18.67
2025-05-19,-67.87000000000002,-75.0,27.33,85.49,0.0,30.08000000000001
2025-05-20,-219.65,145.69,23.72,-96.33,0.0,146.55
2025-05-21,47.43,27.54,37.95999999999999,-42.92,0.0,-70.02000000000001
2025-05-22,1.270000000000018,-48.05,17.92,8.229999999999999,0.0,20.62
2025-05-23,-136.77,-8.18,17.2,81.52,0.0,46.22
2025-05-26,1.64999999999999,35.36,3.32,-95.74000000000001,0.0,55.44
2025-05-27,-34.21000000000001,47.73,-1.91,-60.45,0.0,48.83
2025-05-28,-345.94,21.0,35.68,272.79,0.0,16.48999999999999
2025-05-29,33.84,-139.47,18.32,-10.24,0.0,97.56
2025-05-30,-30.58999999999999,-105.59,17.07,80.89,0.0,38.18
2025-06-03,-5.999999999999998,43.76000000000001,-0.2999999999999998,-110.02,0.0,72.54
2025-06-04,-11.19999999999999,-15.6,9.830000000000002,72.53,0.0,-55.54
2025-06-05,-74.05000000000001,43.39,14.45,-48.49,0.0,64.72
2025-06-06,-214.3,42.57,15.63,149.25,0.0,6.84
2025-06-09,-403.55,242.84,5.69,-22.55,0.0,177.57
2025-06-10,-40.42999999999999,85.88,-2.35,-54.75,0.0,11.65
2025-06-11,-285.5,65.78999999999999,12.18,148.4,0.0,59.12
2025-06-12,-244.22,238.06,14.22,-49.18,0.0,41.08
2025-06-13,-159.18,120.18,9.930000000000001,30.82,0.0,-1.74
2025-06-16,-67.49,27.11,6.57,-93.36,0.0,127.16
2025-06-17,-106.53,23.74,13.53,189.3,0.0,-120.01
2025-06-18,-608.27,269.77,9.600000000000001,143.27,0.0,185.62
2025-06-19,-7.499999999999992,62.2,15.98,-39.99,0.0,-30.66
2025-06-20,-309.83,67.57,17.03,139.59,0.0,85.65
2025-06-23,-91.13999999999999,112.01,7.51,-76.31,0.0,47.93
2025-06-24,2.849999999999982,53.96000000000001,-7.1,-59.42,0.0,9.699999999999998
2025-06-25,127.59,-62.86,4.19,-84.13,0.0,15.23
2025-06-26,10.46,-53.48,-4.76,109.8,0.0,-62.03
2025-06-27,-111.97,101.06,26.52,-21.84,0.0,6.23
2025-06-30,-162.33,36.82,10.59,15.2,0.0,99.7
2025-07-01,218.78,-121.28,6.75,-107.33,0.0,3.089999999999997
2025-07-02,-270.63,34.45,1.64,129.04,0.0,105.48
2025-07-03,-179.52,170.68,9.54,-73.05,0.0,72.36
2025-07-04,-63.69999999999999,23.71,-2.93,28.67,0.0,14.26
2025-07-07,-69.89999999999999,31.51,9.48,1.67,0.0,27.26
2025-07-08,96.02000000000002,-18.24,5.49,-94.66,0.0,11.38
2025-07-09,-39.89000000000003,-99.26,20.73,190.51,0.0,-72.08999999999999
2025-07-10,261.62,-101.08,9.520000000000001,-177.59,0.0,7.539999999999999
2025-07-11,312.89,-277.53,18.05,16.1,0.0,-69.52
2025-07-14,197.47,-92.61,19.91,-124.73,0.0,-0.04000000000000092
2025-07-15,31.87,-81.89,0.54,77.69,0.0,-28.22
2025-07-16,-121.71,107.91,-5.52,-57.08000000000001,0.0,76.36000000000001
2025-07-17,-18.18,-13.07,0.92,2.149999999999999,0.0,28.21
2025-07-18,62.02999999999999,-39.14,-1.74,-38.31,0.0,17.17
2025-07-21,154.87,-67.74,-6.53,-23.61,0.0,-56.99999999999999
2025-07-22,437.52,-247.27,-13.32,-93.50999999999999,0.0,-83.43
2025-07-23,305.25,-264.89,6.83,4.36999999999999,0.0,-51.56
2025-07-24,342.35,-206.22,13.86,-176.56,0.0,26.57
2025-07-25,133.05,-179.59,13.39,64.65,0.0,-31.47000000000001
2025-07-28,-99.14000000000001,26.63,18.21,10.03,0.0,44.3
2025-07-29,-27.33000000000001,80.72999999999999,-18.64,-51.0,0.0,16.24
2025-07-30,58.8,-127.75,17.62,65.33,0.0,-14.02
2025-07-31,-218.8,47.07,-29.41,57.34999999999999,0.0,143.79
2025-08-01,-7.720000000000006,93.71,-1.490000000000001,-156.56,0.0,72.08000000000001
2025-08-04,34.63000000000001,12.93000000000001,-10.54,-122.56,0.0,85.54
2025-08-05,10.21,-4.759999999999998,-9.25,121.46,0.0,-117.68
2025-08-06,2.26,-50.82,-1.8,-55.48,0.0,105.86
2025-08-07,4.870000000000003,-8.050000000000002,-0.4899999999999998,57.63,0.0,-53.93
2025-08-08,-99.99,37.45,8.21,9.190000000000003,0.0,45.13
2025-08-11,188.06,-44.03,6.050000000000001,-153.07,0.0,2.979999999999999
2025-08-12,213.22,-197.7,16.0,45.83,0.0,-77.33
2025-08-13,101.75,-88.72999999999999,-4.949999999999999,-24.33,0.0,16.25
