date,omo_net,omo_inject,omo_withdraw,lpr_1y,lpr_5y
2020-08-14,500.0,1000.0,500.0,,
2020-08-17,100.0,1500.0,1400.0,,
2020-08-18,100.0,1600.0,1500.0,,
2020-08-19,500.0,2000.0,1500.0,,
2020-08-20,1100.0,1600.0,500.0,3.85,4.65
2020-08-21,2000.0,3000.0,1000.0,3.85,4.65
2020-08-24,550.0,2050.0,1500.0,3.85,4.65
2020-08-25,-650.0,1000.0,1650.0,3.85,4.65
2020-08-26,-1000.0,500.0,1500.0,3.85,4.65
2020-08-27,-800.0,200.0,1000.0,3.85,4.65
2020-08-28,-2300.0,200.0,2500.0,3.85,4.65
2020-08-31,-1800.0,200.0,2000.0,3.85,4.65
2020-09-01,200.0,1200.0,1000.0,3.85,4.65
2020-09-02,0.0,1000.0,1000.0,3.85,4.65
2020-09-03,200.0,1000.0,800.0,3.85,4.65
2020-09-04,1000.0,1700.0,700.0,3.85,4.65
2020-09-07,1000.0,1200.0,200.0,3.85,4.65
2020-09-08,200.0,1400.0,1200.0,3.85,4.65
2020-09-09,-100.0,900.0,1000.0,3.85,4.65
2020-09-10,-200.0,800.0,1000.0,3.85,4.65
2020-09-11,-1700.0,0.0,1700.0,3.85,4.65
2020-09-14,0.0,1200.0,1200.0,3.85,4.65
2020-09-15,-300.0,1100.0,1400.0,3.85,4.65
2020-09-16,800.0,1700.0,900.0,3.85,4.65
2020-09-17,600.0,1400.0,800.0,3.85,4.65
2020-09-18,3500.0,3500.0,0.0,3.85,4.65
2020-09-21,800.0,2000.0,1200.0,3.85,4.65
2020-09-22,100.0,1200.0,1100.0,3.85,4.65
2020-09-23,-200.0,900.0,1100.0,3.85,4.65
2020-09-24,200.0,200.0,0.0,3.85,4.65
2020-09-25,-650.0,400.0,1050.0,3.85,4.65
2020-09-27,-950.0,1050.0,2000.0,3.85,4.65
2020-09-28,-500.0,500.0,1000.0,3.85,4.65
2020-09-29,-5600.0,0.0,5600.0,3.85,4.65
2020-09-30,0.0,0.0,0.0,3.85,4.65
2020-10-09,-600.0,0.0,600.0,3.85,4.65
2020-10-10,-1000.0,0.0,1000.0,3.85,4.65
2020-10-12,-500.0,0.0,500.0,3.85,4.65
2020-10-13,500.0,500.0,0.0,3.85,4.65
2020-10-14,500.0,500.0,0.0,3.85,4.65
2020-10-15,500.0,500.0,0.0,3.85,4.65
2020-10-16,700.0,700.0,0.0,3.85,4.65
2020-10-19,800.0,800.0,0.0,3.85,4.65
2020-10-20,0.0,500.0,500.0,3.85,4.65
2020-10-21,200.0,700.0,500.0,3.85,4.65
2020-10-22,0.0,500.0,500.0,3.85,4.65
2020-10-23,300.0,1000.0,700.0,3.85,4.65
2020-10-26,350.0,1200.0,850.0,3.85,4.65
2020-10-27,900.0,1400.0,500.0,3.85,4.65
2020-10-28,350.0,1050.0,700.0,3.85,4.65
2020-10-29,0.0,500.0,500.0,3.85,4.65
2020-10-30,200.0,1200.0,1000.0,3.85,4.65
2020-11-02,0.0,1200.0,1200.0,3.85,4.65
2020-11-03,-1100.0,300.0,1400.0,3.85,4.65
2020-11-04,-1000.0,0.0,1000.0,3.85,4.65
2020-11-05,-500.0,0.0,500.0,3.85,4.65
2020-11-06,0.0,1200.0,1200.0,3.85,4.65
2020-11-09,300.0,1500.0,1200.0,3.85,4.65
2020-11-10,900.0,1200.0,300.0,3.85,4.65
2020-11-11,1600.0,1600.0,0.0,3.85,4.65
2020-11-12,0.0,0.0,0.0,3.85,4.65
2020-11-13,-700.0,500.0,1200.0,3.85,4.65
2020-11-16,-500.0,1000.0,1500.0,3.85,4.65
2020-11-17,-500.0,700.0,1200.0,3.85,4.65
2020-11-18,-800.0,800.0,1600.0,3.85,4.65
2020-11-19,400.0,400.0,0.0,3.85,4.65
2020-11-20,200.0,700.0,500.0,3.85,4.65
2020-11-23,200.0,1200.0,1000.0,3.85,4.65
2020-11-24,100.0,800.0,700.0,3.85,4.65
2020-11-25,400.0,1250.0,850.0,3.85,4.65
2020-11-26,1100.0,1500.0,400.0,3.85,4.65
2020-11-27,-500.0,200.0,700.0,3.85,4.65
2020-11-30,-1100.0,100.0,1200.0,3.85,4.65
2020-12-01,-700.0,100.0,800.0,3.85,4.65
2020-12-02,-1100.0,100.0,1200.0,3.85,4.65
2020-12-03,-1000.0,500.0,1500.0,3.85,4.65
2020-12-04,400.0,600.0,200.0,3.85,4.65
2020-12-07,100.0,200.0,100.0,3.85,4.65
2020-12-08,0.0,100.0,100.0,3.85,4.65
2020-12-09,0.0,100.0,100.0,3.85,4.65
2020-12-10,-300.0,200.0,500.0,3.85,4.65
2020-12-11,-500.0,100.0,600.0,3.85,4.65
2020-12-14,-100.0,100.0,200.0,3.85,4.65
2020-12-15,0.0,100.0,100.0,3.85,4.65
2020-12-16,0.0,100.0,100.0,3.85,4.65
2020-12-17,900.0,1100.0,200.0,3.85,4.65
2020-12-18,1200.0,1300.0,100.0,3.85,4.65
2020-12-21,1000.0,1100.0,100.0,3.85,4.65
2020-12-22,250.0,400.0,150.0,3.85,4.65
2020-12-23,300.0,400.0,100.0,3.85,4.65
2020-12-24,150.0,250.0,100.0,3.85,4.65
2020-12-25,100.0,200.0,100.0,3.85,4.65
2020-12-28,300.0,400.0,100.0,3.85,4.65
2020-12-29,800.0,900.0,100.0,3.85,4.65
2020-12-30,-1400.0,200.0,1600.0,3.85,4.65
2020-12-31,-1300.0,100.0,1400.0,3.85,4.65
2021-01-04,-1300.0,100.0,1400.0,3.85,4.65
2021-01-05,-1100.0,100.0,1200.0,3.85,4.65
2021-01-06,50.0,50.0,0.0,3.85,4.65
2021-01-07,-150.0,50.0,200.0,3.85,4.65
2021-01-08,-50.0,50.0,100.0,3.85,4.65
2021-01-11,-80.0,20.0,100.0,3.85,4.65
2021-01-12,-80.0,20.0,100.0,3.85,4.65
2021-01-13,-30.0,20.0,50.0,3.85,4.65
2021-01-14,-30.0,20.0,50.0,3.85,4.65
2021-01-15,750.0,800.0,50.0,3.85,4.65
2021-01-18,2780.0,2800.0,20.0,3.85,4.65
2021-01-19,2480.0,2500.0,20.0,3.85,4.65
2021-01-20,0.0,20.0,20.0,3.85,4.65
2021-01-21,0.0,20.0,20.0,3.85,4.65
2021-01-22,-780.0,20.0,800.0,3.85,4.65
2021-01-25,-1000.0,1800.0,2800.0,3.85,4.65
2021-01-26,-1450.0,1050.0,2500.0,3.85,4.65
2021-01-27,930.0,1000.0,70.0,3.85,4.65
2021-01-28,980.0,1000.0,20.0,3.85,4.65
2021-01-29,780.0,800.0,20.0,3.85,4.65
2021-02-01,-800.0,1000.0,1800.0,3.85,4.65
2021-02-02,0.0,1000.0,1000.0,3.85,4.65
2021-02-03,0.0,1000.0,1000.0,3.85,4.65
2021-02-04,500.0,500.0,0.0,3.85,4.65
2021-02-05,100.0,1100.0,1000.0,3.85,4.65
2021-02-07,-300.0,500.0,800.0,3.85,4.65
2021-02-08,-800.0,200.0,1000.0,3.85,4.65
2021-02-09,-2600.0,200.0,2800.0,3.85,4.65
2021-02-10,-800.0,200.0,1000.0,3.85,4.65
2021-02-18,100.0,100.0,0.0,3.85,4.65
2021-02-19,-400.0,100.0,500.0,3.85,4.65
2021-02-20,100.0,100.0,0.0,3.85,4.65
2021-02-22,100.0,100.0,0.0,3.85,4.65
2021-02-23,-50.0,200.0,250.0,3.85,4.65
2021-02-24,0.0,200.0,200.0,3.85,4.65
2021-02-25,-50.0,150.0,200.0,3.85,4.65
2021-02-26,0.0,100.0,100.0,3.85,4.65
2021-03-01,0.0,100.0,100.0,3.85,4.65
2021-03-02,-100.0,100.0,200.0,3.85,4.65
2021-03-03,-100.0,100.0,200.0,3.85,4.65
2021-03-04,0.0,100.0,100.0,3.85,4.65
2021-03-05,0.0,100.0,100.0,3.85,4.65
2021-03-08,0.0,100.0,100.0,3.85,4.65
2021-03-09,0.0,100.0,100.0,3.85,4.65
2021-03-10,0.0,100.0,100.0,3.85,4.65
2021-03-11,0.0,100.0,100.0,3.85,4.65
2021-03-12,0.0,100.0,100.0,3.85,4.65
2021-03-15,0.0,100.0,100.0,3.85,4.65
2021-03-16,0.0,100.0,100.0,3.85,4.65
2021-03-17,0.0,100.0,100.0,3.85,4.65
2021-03-18,0.0,100.0,100.0,3.85,4.65
2021-03-19,0.0,100.0,100.0,3.85,4.65
2021-03-22,50.0,150.0,100.0,3.85,4.65
2021-03-23,0.0,100.0,100.0,3.85,4.65
2021-03-24,-50.0,100.0,150.0,3.85,4.65
2021-03-25,0.0,100.0,100.0,3.85,4.65
2021-03-26,0.0,100.0,100.0,3.85,4.65
2021-03-29,0.0,100.0,100.0,3.85,4.65
2021-03-30,0.0,100.0,100.0,3.85,4.65
2021-03-31,0.0,100.0,100.0,3.85,4.65
2021-04-01,-100.0,100.0,200.0,3.85,4.65
2021-04-02,0.0,100.0,100.0,3.85,4.65
2021-04-06,0.0,100.0,100.0,3.85,4.65
2021-04-07,0.0,100.0,100.0,3.85,4.65
2021-04-08,100.0,100.0,0.0,3.85,4.65
2021-04-09,0.0,100.0,100.0,3.85,4.65
2021-04-12,0.0,100.0,100.0,3.85,4.65
2021-04-13,0.0,100.0,100.0,3.85,4.65
2021-04-14,0.0,100.0,100.0,3.85,4.65
2021-04-15,0.0,100.0,100.0,3.85,4.65
2021-04-16,0.0,100.0,100.0,3.85,4.65
2021-04-19,0.0,100.0,100.0,3.85,4.65
2021-04-20,0.0,100.0,100.0,3.85,4.65
2021-04-21,0.0,100.0,100.0,3.85,4.65
2021-04-22,100.0,100.0,0.0,3.85,4.65
2021-04-23,0.0,100.0,100.0,3.85,4.65
2021-04-25,0.0,100.0,100.0,3.85,4.65
2021-04-26,0.0,100.0,100.0,3.85,4.65
2021-04-27,0.0,150.0,150.0,3.85,4.65
2021-04-28,0.0,100.0,100.0,3.85,4.65
2021-04-29,-400.0,100.0,500.0,3.85,4.65
2021-04-30,0.0,100.0,100.0,3.85,4.65
2021-05-06,100.0,100.0,0.0,3.85,4.65
2021-05-07,100.0,100.0,0.0,3.85,4.65
2021-05-08,100.0,100.0,0.0,3.85,4.65
2021-05-10,100.0,100.0,0.0,3.85,4.65
2021-05-11,0.0,100.0,100.0,3.85,4.65
2021-05-12,0.0,100.0,100.0,3.85,4.65
2021-05-13,-100.0,100.0,200.0,3.85,4.65
2021-05-14,0.0,100.0,100.0,3.85,4.65
2021-05-17,0.0,100.0,100.0,3.85,4.65
2021-05-18,0.0,100.0,100.0,3.85,4.65
2021-05-19,0.0,100.0,100.0,3.85,4.65
2021-05-20,0.0,100.0,100.0,3.85,4.65
2021-05-21,50.0,150.0,100.0,3.85,4.65
2021-05-24,0.0,100.0,100.0,3.85,4.65
2021-05-25,-50.0,100.0,150.0,3.85,4.65
2021-05-26,0.0,100.0,100.0,3.85,4.65
2021-05-27,0.0,100.0,100.0,3.85,4.65
2021-05-28,0.0,100.0,100.0,3.85,4.65
2021-05-31,0.0,100.0,100.0,3.85,4.65
2021-06-01,0.0,100.0,100.0,3.85,4.65
2021-06-02,0.0,100.0,100.0,3.85,4.65
2021-06-03,0.0,100.0,100.0,3.85,4.65
2021-06-04,0.0,100.0,100.0,3.85,4.65
2021-06-07,0.0,100.0,100.0,3.85,4.65
2021-06-08,0.0,100.0,100.0,3.85,4.65
2021-06-09,0.0,100.0,100.0,3.85,4.65
2021-06-10,-100.0,100.0,200.0,3.85,4.65
2021-06-11,0.0,100.0,100.0,3.85,4.65
2021-06-15,0.0,100.0,100.0,3.85,4.65
2021-06-16,0.0,100.0,100.0,3.85,4.65
2021-06-17,100.0,100.0,0.0,3.85,4.65
2021-06-18,0.0,100.0,100.0,3.85,4.65
2021-06-21,0.0,100.0,100.0,3.85,4.65
2021-06-22,200.0,300.0,100.0,3.85,4.65
2021-06-23,150.0,300.0,150.0,3.85,4.65
2021-06-24,250.0,350.0,100.0,3.85,4.65
2021-06-25,200.0,300.0,100.0,3.85,4.65
2021-06-28,200.0,300.0,100.0,3.85,4.65
2021-06-29,-200.0,100.0,300.0,3.85,4.65
2021-06-30,-200.0,100.0,300.0,3.85,4.65
2021-07-01,-200.0,100.0,300.0,3.85,4.65
2021-07-02,-200.0,100.0,300.0,3.85,4.65
2021-07-05,-200.0,100.0,300.0,3.85,4.65
2021-07-06,0.0,100.0,100.0,3.85,4.65
2021-07-07,0.0,100.0,100.0,3.85,4.65
2021-07-08,0.0,100.0,100.0,3.85,4.65
2021-07-09,0.0,100.0,100.0,3.85,4.65
2021-07-12,0.0,100.0,100.0,3.85,4.65
2021-07-13,0.0,100.0,100.0,3.85,4.65
2021-07-14,0.0,100.0,100.0,3.85,4.65
2021-07-15,0.0,100.0,100.0,3.85,4.65
2021-07-16,0.0,100.0,100.0,3.85,4.65
2021-07-19,0.0,100.0,100.0,3.85,4.65
2021-07-20,0.0,100.0,100.0,3.85,4.65
2021-07-21,0.0,100.0,100.0,3.85,4.65
2021-07-22,0.0,100.0,100.0,3.85,4.65
2021-07-23,0.0,100.0,100.0,3.85,4.65
2021-07-26,0.0,100.0,100.0,3.85,4.65
2021-07-27,200.0,350.0,150.0,3.85,4.65
2021-07-28,200.0,300.0,100.0,3.85,4.65
2021-07-29,0.0,100.0,100.0,3.85,4.65
2021-07-30,0.0,100.0,100.0,3.85,4.65
2021-08-02,0.0,100.0,100.0,3.85,4.65
2021-08-03,-200.0,100.0,300.0,3.85,4.65
2021-08-04,-200.0,100.0,300.0,3.85,4.65
2021-08-05,0.0,100.0,100.0,3.85,4.65
2021-08-06,0.0,100.0,100.0,3.85,4.65
2021-08-09,0.0,100.0,100.0,3.85,4.65
2021-08-10,0.0,100.0,100.0,3.85,4.65
2021-08-11,0.0,100.0,100.0,3.85,4.65
2021-08-12,0.0,100.0,100.0,3.85,4.65
2021-08-13,0.0,100.0,100.0,3.85,4.65
2021-08-16,0.0,100.0,100.0,3.85,4.65
2021-08-17,0.0,100.0,100.0,3.85,4.65
2021-08-18,0.0,100.0,100.0,3.85,4.65
2021-08-19,0.0,100.0,100.0,3.85,4.65
2021-08-20,0.0,100.0,100.0,3.85,4.65
2021-08-23,400.0,500.0,100.0,3.85,4.65
2021-08-24,400.0,500.0,100.0,3.85,4.65
2021-08-25,450.0,550.0,100.0,3.85,4.65
2021-08-26,400.0,500.0,100.0,3.85,4.65
2021-08-27,350.0,500.0,150.0,3.85,4.65
2021-08-30,-400.0,100.0,500.0,3.85,4.65
2021-08-31,-400.0,100.0,500.0,3.85,4.65
2021-09-01,-400.0,100.0,500.0,3.85,4.65
2021-09-02,-400.0,100.0,500.0,3.85,4.65
2021-09-03,-400.0,100.0,500.0,3.85,4.65
2021-09-06,0.0,100.0,100.0,3.85,4.65
2021-09-07,0.0,100.0,100.0,3.85,4.65
2021-09-08,0.0,100.0,100.0,3.85,4.65
2021-09-09,0.0,100.0,100.0,3.85,4.65
2021-09-10,0.0,100.0,100.0,3.85,4.65
2021-09-13,0.0,100.0,100.0,3.85,4.65
2021-09-14,0.0,100.0,100.0,3.85,4.65
2021-09-15,900.0,1000.0,100.0,3.85,4.65
2021-09-16,1000.0,1000.0,0.0,3.85,4.65
2021-09-17,900.0,1200.0,300.0,3.85,4.65
2021-09-18,1100.0,1200.0,100.0,3.85,4.65
2021-09-22,700.0,1200.0,500.0,3.85,4.65
2021-09-23,550.0,1050.0,500.0,3.85,4.65
2021-09-24,1000.0,1000.0,0.0,3.85,4.65
2021-09-26,1000.0,1000.0,0.0,3.85,4.65
2021-09-27,350.0,1000.0,650.0,3.85,4.65
2021-09-28,400.0,1000.0,600.0,3.85,4.65
2021-09-29,-3300.0,100.0,3400.0,3.85,4.65
2021-09-30,100.0,100.0,0.0,3.85,4.65
2021-10-08,-1900.0,100.0,2000.0,3.85,4.65
2021-10-09,-900.0,100.0,1000.0,3.85,4.65
2021-10-11,-900.0,100.0,1000.0,3.85,4.65
2021-10-12,-900.0,100.0,1000.0,3.85,4.65
2021-10-13,0.0,100.0,100.0,3.85,4.65
2021-10-14,-100.0,100.0,200.0,3.85,4.65
2021-10-15,0.0,100.0,100.0,3.85,4.65
2021-10-18,900.0,1000.0,100.0,3.85,4.65
2021-10-19,900.0,1000.0,100.0,3.85,4.65
2021-10-20,900.0,1000.0,100.0,3.85,4.65
2021-10-21,1900.0,2000.0,100.0,3.85,4.65
2021-10-22,1900.0,2000.0,100.0,3.85,4.65
2021-10-25,1000.0,2000.0,1000.0,3.85,4.65
2021-10-26,1000.0,2000.0,1000.0,3.85,4.65
2021-10-27,1000.0,2050.0,1050.0,3.85,4.65
2021-10-28,-1900.0,100.0,2000.0,3.85,4.65
2021-10-29,-1900.0,100.0,2000.0,3.85,4.65
2021-11-01,-1500.0,500.0,2000.0,3.85,4.65
2021-11-02,-1500.0,500.0,2000.0,3.85,4.65
2021-11-03,-1000.0,1000.0,2000.0,3.85,4.65
2021-11-04,900.0,1000.0,100.0,3.85,4.65
2021-11-05,900.0,1000.0,100.0,3.85,4.65
2021-11-08,500.0,1000.0,500.0,3.85,4.65
2021-11-09,500.0,1000.0,500.0,3.85,4.65
2021-11-10,0.0,1000.0,1000.0,3.85,4.65
2021-11-11,-900.0,100.0,1000.0,3.85,4.65
2021-11-12,-500.0,500.0,1000.0,3.85,4.65
2021-11-15,-500.0,500.0,1000.0,3.85,4.65
2021-11-16,-500.0,500.0,1000.0,3.85,4.65
2021-11-17,-500.0,500.0,1000.0,3.85,4.65
2021-11-18,400.0,500.0,100.0,3.85,4.65
2021-11-19,0.0,500.0,500.0,3.85,4.65
2021-11-22,500.0,1000.0,500.0,3.85,4.65
2021-11-23,500.0,1000.0,500.0,3.85,4.65
2021-11-24,500.0,1000.0,500.0,3.85,4.65
2021-11-25,500.0,1000.0,500.0,3.85,4.65
2021-11-26,500.0,1050.0,550.0,3.85,4.65
2021-11-29,-900.0,100.0,1000.0,3.85,4.65
2021-11-30,-900.0,100.0,1000.0,3.85,4.65
2021-12-01,-900.0,100.0,1000.0,3.85,4.65
2021-12-02,-900.0,100.0,1000.0,3.85,4.65
2021-12-03,-900.0,100.0,1000.0,3.85,4.65
2021-12-06,0.0,100.0,100.0,3.85,4.65
2021-12-07,0.0,100.0,100.0,3.85,4.65
2021-12-08,0.0,100.0,100.0,3.85,4.65
2021-12-09,0.0,100.0,100.0,3.85,4.65
2021-12-10,0.0,100.0,100.0,3.85,4.65
2021-12-13,0.0,100.0,100.0,3.85,4.65
2021-12-14,0.0,100.0,100.0,3.85,4.65
2021-12-15,0.0,100.0,100.0,3.85,4.65
2021-12-16,100.0,200.0,100.0,3.85,4.65
2021-12-17,100.0,200.0,100.0,3.85,4.65
2021-12-20,100.0,200.0,100.0,3.8,4.65
2021-12-21,100.0,200.0,100.0,3.8,4.65
2021-12-22,100.0,200.0,100.0,3.8,4.65
2021-12-23,400.0,500.0,100.0,3.8,4.65
2021-12-24,1900.0,2000.0,100.0,3.8,4.65
2021-12-27,1900.0,2050.0,150.0,3.8,4.65
2021-12-28,900.0,1000.0,100.0,3.8,4.65
2021-12-29,900.0,1000.0,100.0,3.8,4.65
2021-12-30,-2600.0,100.0,2700.0,3.8,4.65
2021-12-31,-2000.0,100.0,2100.0,3.8,4.65
2022-01-04,-1000.0,100.0,1100.0,3.8,4.65
2022-01-05,-1000.0,100.0,1100.0,3.8,4.65
2022-01-06,100.0,100.0,0.0,3.8,4.65
2022-01-07,0.0,100.0,100.0,3.8,4.65
2022-01-10,0.0,100.0,100.0,3.8,4.65
2022-01-11,0.0,100.0,100.0,3.8,4.65
2022-01-12,0.0,100.0,100.0,3.8,4.65
2022-01-13,900.0,1000.0,100.0,3.8,4.65
2022-01-14,900.0,1000.0,100.0,3.8,4.65
2022-01-17,900.0,1000.0,100.0,3.8,4.65
2022-01-18,900.0,1000.0,100.0,3.8,4.65
2022-01-19,900.0,1000.0,100.0,3.8,4.65
2022-01-20,500.0,1500.0,1000.0,3.7,4.6
2022-01-21,500.0,1500.0,1000.0,3.7,4.6
2022-01-24,1000.0,2000.0,1000.0,3.7,4.6
2022-01-25,1000.0,2000.0,1000.0,3.7,4.6
2022-01-26,1000.0,2000.0,1000.0,3.7,4.6
2022-01-27,1000.0,1050.0,50.0,3.7,4.6
2022-01-28,1000.0,1000.0,0.0,3.7,4.6
2022-01-29,-1300.0,200.0,1500.0,3.7,4.6
2022-01-30,-1300.0,200.0,1500.0,3.7,4.6
2022-02-07,-1800.0,200.0,2000.0,3.7,4.6
2022-02-08,-1800.0,200.0,2000.0,3.7,4.6
2022-02-09,-1800.0,200.0,2000.0,3.7,4.6
2022-02-10,-2100.0,100.0,2200.0,3.7,4.6
2022-02-11,-100.0,100.0,200.0,3.7,4.6
2022-02-14,-100.0,100.0,200.0,3.7,4.6
2022-02-15,-100.0,100.0,200.0,3.7,4.6
2022-02-16,-100.0,100.0,200.0,3.7,4.6
2022-02-17,0.0,100.0,100.0,3.7,4.6
2022-02-18,900.0,1000.0,100.0,3.7,4.6
2022-02-21,1900.0,2000.0,100.0,3.7,4.6
2022-02-22,1900.0,2000.0,100.0,3.7,4.6
2022-02-23,2900.0,3000.0,100.0,3.7,4.6
2022-02-24,2900.0,3050.0,150.0,3.7,4.6
2022-02-25,-500.0,500.0,1000.0,3.7,4.6
2022-02-28,-1900.0,100.0,2000.0,3.7,4.6
2022-03-01,-1900.0,100.0,2000.0,3.7,4.6
2022-03-02,-2900.0,100.0,3000.0,3.7,4.6
2022-03-03,-2900.0,100.0,3000.0,3.7,4.6
2022-03-04,-400.0,100.0,500.0,3.7,4.6
2022-03-07,0.0,100.0,100.0,3.7,4.6
2022-03-08,0.0,100.0,100.0,3.7,4.6
2022-03-09,0.0,100.0,100.0,3.7,4.6
2022-03-10,0.0,100.0,100.0,3.7,4.6
2022-03-11,0.0,100.0,100.0,3.7,4.6
2022-03-14,0.0,100.0,100.0,3.7,4.6
2022-03-15,700.0,800.0,100.0,3.7,4.6
2022-03-16,200.0,300.0,100.0,3.7,4.6
2022-03-17,200.0,300.0,100.0,3.7,4.6
2022-03-18,100.0,200.0,100.0,3.7,4.6
2022-03-21,100.0,200.0,100.0,3.7,4.6
2022-03-22,-600.0,200.0,800.0,3.7,4.6
2022-03-23,700.0,1000.0,300.0,3.7,4.6
2022-03-24,1200.0,1500.0,300.0,3.7,4.6
2022-03-25,1300.0,1550.0,250.0,3.7,4.6
2022-03-28,1300.0,1500.0,200.0,3.7,4.6
2022-03-29,1300.0,1500.0,200.0,3.7,4.6
2022-03-30,-900.0,100.0,1000.0,3.7,4.6
2022-03-31,100.0,100.0,0.0,3.7,4.6
2022-04-01,-4400.0,100.0,4500.0,3.7,4.6
2022-04-02,-1400.0,100.0,1500.0,3.7,4.6
2022-04-06,0.0,100.0,100.0,3.7,4.6
2022-04-07,0.0,100.0,100.0,3.7,4.6
2022-04-08,200.0,200.0,0.0,3.7,4.6
2022-04-11,0.0,100.0,100.0,3.7,4.6
2022-04-12,0.0,100.0,100.0,3.7,4.6
2022-04-13,0.0,100.0,100.0,3.7,4.6
2022-04-14,0.0,100.0,100.0,3.7,4.6
2022-04-15,-100.0,100.0,200.0,3.7,4.6
2022-04-18,0.0,100.0,100.0,3.7,4.6
2022-04-19,0.0,100.0,100.0,3.7,4.6
2022-04-20,0.0,100.0,100.0,3.7,4.6
2022-04-21,100.0,100.0,0.0,3.7,4.6
2022-04-22,0.0,100.0,100.0,3.7,4.6
2022-04-24,0.0,100.0,100.0,3.7,4.6
2022-04-25,0.0,100.0,100.0,3.7,4.6
2022-04-26,0.0,100.0,100.0,3.7,4.6
2022-04-27,0.0,150.0,150.0,3.7,4.6
2022-04-28,-400.0,100.0,500.0,3.7,4.6
2022-04-29,0.0,100.0,100.0,3.7,4.6
2022-05-05,100.0,100.0,0.0,3.7,4.6
2022-05-06,100.0,100.0,0.0,3.7,4.6
2022-05-07,100.0,100.0,0.0,3.7,4.6
2022-05-09,100.0,100.0,0.0,3.7,4.6
2022-05-10,0.0,100.0,100.0,3.7,4.6
2022-05-11,0.0,100.0,100.0,3.7,4.6
2022-05-12,-100.0,100.0,200.0,3.7,4.6
2022-05-13,0.0,100.0,100.0,3.7,4.6
2022-05-16,0.0,100.0,100.0,3.7,4.6
2022-05-17,0.0,100.0,100.0,3.7,4.6
2022-05-18,0.0,100.0,100.0,3.7,4.6
2022-05-19,0.0,100.0,100.0,3.7,4.6
2022-05-20,0.0,100.0,100.0,3.7,4.45
2022-05-23,0.0,100.0,100.0,3.7,4.45
2022-05-24,0.0,100.0,100.0,3.7,4.45
2022-05-25,0.0,100.0,100.0,3.7,4.45
2022-05-26,0.0,150.0,150.0,3.7,4.45
2022-05-27,0.0,100.0,100.0,3.7,4.45
2022-05-30,0.0,100.0,100.0,3.7,4.45
2022-05-31,0.0,100.0,100.0,3.7,4.45
2022-06-01,-100.0,100.0,200.0,3.7,4.45
2022-06-02,0.0,100.0,100.0,3.7,4.45
2022-06-06,0.0,100.0,100.0,3.7,4.45
2022-06-07,0.0,100.0,100.0,3.7,4.45
2022-06-08,100.0,100.0,0.0,3.7,4.45
2022-06-09,0.0,100.0,100.0,3.7,4.45
2022-06-10,0.0,100.0,100.0,3.7,4.45
2022-06-13,0.0,100.0,100.0,3.7,4.45
2022-06-14,0.0,100.0,100.0,3.7,4.45
2022-06-15,0.0,100.0,100.0,3.7,4.45
2022-06-16,0.0,100.0,100.0,3.7,4.45
2022-06-17,0.0,100.0,100.0,3.7,4.45
2022-06-20,0.0,100.0,100.0,3.7,4.45
2022-06-21,0.0,100.0,100.0,3.7,4.45
2022-06-22,500.0,600.0,100.0,3.7,4.45
2022-06-23,900.0,1000.0,100.0,3.7,4.45
2022-06-24,1000.0,1100.0,100.0,3.7,4.45
2022-06-27,900.0,1050.0,150.0,3.7,4.45
2022-06-28,700.0,800.0,100.0,3.7,4.45
2022-06-29,-500.0,100.0,600.0,3.7,4.45
2022-06-30,-970.0,30.0,1000.0,3.7,4.45
2022-07-01,-1070.0,30.0,1100.0,3.7,4.45
2022-07-04,-970.0,30.0,1000.0,3.7,4.45
2022-07-05,-770.0,30.0,800.0,3.7,4.45
2022-07-06,-70.0,30.0,100.0,3.7,4.45
2022-07-07,0.0,30.0,30.0,3.7,4.45
2022-07-08,0.0,30.0,30.0,3.7,4.45
2022-07-11,0.0,30.0,30.0,3.7,4.45
2022-07-12,0.0,30.0,30.0,3.7,4.45
2022-07-13,0.0,30.0,30.0,3.7,4.45
2022-07-14,90.0,120.0,30.0,3.7,4.45
2022-07-15,40.0,70.0,30.0,3.7,4.45
2022-07-18,0.0,30.0,30.0,3.7,4.45
2022-07-19,0.0,30.0,30.0,3.7,4.45
2022-07-20,0.0,30.0,30.0,3.7,4.45
2022-07-21,-70.0,50.0,120.0,3.7,4.45
2022-07-22,-20.0,50.0,70.0,3.7,4.45
2022-07-25,-10.0,20.0,30.0,3.7,4.45
2022-07-26,-10.0,20.0,30.0,3.7,4.45
2022-07-27,-10.0,70.0,80.0,3.7,4.45
2022-07-28,-30.0,20.0,50.0,3.7,4.45
2022-07-29,-30.0,20.0,50.0,3.7,4.45
2022-08-01,0.0,20.0,20.0,3.7,4.45
2022-08-02,0.0,20.0,20.0,3.7,4.45
2022-08-03,0.0,20.0,20.0,3.7,4.45
2022-08-04,0.0,20.0,20.0,3.7,4.45
2022-08-05,0.0,20.0,20.0,3.7,4.45
2022-08-08,0.0,20.0,20.0,3.7,4.45
2022-08-09,0.0,20.0,20.0,3.7,4.45
2022-08-10,0.0,20.0,20.0,3.7,4.45
2022-08-11,0.0,20.0,20.0,3.7,4.45
2022-08-12,0.0,20.0,20.0,3.7,4.45
2022-08-15,0.0,20.0,20.0,3.7,4.45
2022-08-16,0.0,20.0,20.0,3.7,4.45
2022-08-17,0.0,20.0,20.0,3.7,4.45
2022-08-18,0.0,20.0,20.0,3.7,4.45
2022-08-19,0.0,20.0,20.0,3.7,4.45
2022-08-22,0.0,20.0,20.0,3.65,4.3
2022-08-23,0.0,20.0,20.0,3.65,4.3
2022-08-24,0.0,20.0,20.0,3.65,4.3
2022-08-25,0.0,20.0,20.0,3.65,4.3
2022-08-26,0.0,70.0,70.0,3.65,4.3
2022-08-29,0.0,20.0,20.0,3.65,4.3
2022-08-30,0.0,20.0,20.0,3.65,4.3
2022-08-31,0.0,20.0,20.0,3.65,4.3
2022-09-01,0.0,20.0,20.0,3.65,4.3
2022-09-02,0.0,20.0,20.0,3.65,4.3
2022-09-05,0.0,20.0,20.0,3.65,4.3
2022-09-06,0.0,20.0,20.0,3.65,4.3
2022-09-07,0.0,20.0,20.0,3.65,4.3
2022-09-08,-20.0,20.0,40.0,3.65,4.3
2022-09-09,0.0,20.0,20.0,3.65,4.3
2022-09-13,0.0,20.0,20.0,3.65,4.3
2022-09-14,0.0,20.0,20.0,3.65,4.3
2022-09-15,120.0,120.0,0.0,3.65,4.3
2022-09-16,240.0,260.0,20.0,3.65,4.3
2022-09-19,190.0,210.0,20.0,3.65,4.3
2022-09-20,160.0,180.0,20.0,3.65,4.3
2022-09-21,210.0,230.0,20.0,3.65,4.3
2022-09-22,1330.0,1350.0,20.0,3.65,4.3
2022-09-23,1730.0,1750.0,20.0,3.65,4.3
2022-09-26,1980.0,2000.0,20.0,3.65,4.3
2022-09-27,1800.0,1870.0,70.0,3.65,4.3
2022-09-28,1840.0,1860.0,20.0,3.65,4.3
2022-09-29,-5940.0,170.0,6110.0,3.65,4.3
2022-09-30,20.0,20.0,0.0,3.65,4.3
2022-10-08,-910.0,20.0,930.0,3.65,4.3
2022-10-09,-600.0,20.0,620.0,3.65,4.3
2022-10-10,-650.0,20.0,670.0,3.65,4.3
2022-10-11,-750.0,20.0,770.0,3.65,4.3
2022-10-12,-560.0,20.0,580.0,3.65,4.3
2022-10-13,-190.0,20.0,210.0,3.65,4.3
2022-10-14,0.0,20.0,20.0,3.65,4.3
2022-10-17,0.0,20.0,20.0,3.65,4.3
2022-10-18,0.0,20.0,20.0,3.65,4.3
2022-10-19,0.0,20.0,20.0,3.65,4.3
2022-10-20,80.0,100.0,20.0,3.65,4.3
2022-10-21,2280.0,2300.0,20.0,3.65,4.3
2022-10-24,2780.0,2800.0,20.0,3.65,4.3
2022-10-25,2380.0,2400.0,20.0,3.65,4.3
2022-10-26,880.0,900.0,20.0,3.65,4.3
2022-10-27,600.0,750.0,150.0,3.65,4.3
2022-10-28,-2150.0,150.0,2300.0,3.65,4.3
2022-10-31,-2620.0,180.0,2800.0,3.65,4.3
2022-11-01,-2330.0,70.0,2400.0,3.65,4.3
2022-11-02,-870.0,30.0,900.0,3.65,4.3
2022-11-03,-680.0,20.0,700.0,3.65,4.3
2022-11-04,-130.0,20.0,150.0,3.65,4.3
2022-11-07,-100.0,80.0,180.0,3.65,4.3
2022-11-08,20.0,90.0,70.0,3.65,4.3
2022-11-09,90.0,120.0,30.0,3.65,4.3
2022-11-10,30.0,50.0,20.0,3.65,4.3
2022-11-11,1700.0,1720.0,20.0,3.65,4.3
2022-11-14,630.0,710.0,80.0,3.65,4.3
2022-11-15,1230.0,1320.0,90.0,3.65,4.3
2022-11-16,90.0,210.0,120.0,3.65,4.3
2022-11-17,-20.0,30.0,50.0,3.65,4.3
2022-11-18,-1700.0,20.0,1720.0,3.65,4.3
2022-11-21,-690.0,20.0,710.0,3.65,4.3
2022-11-22,-1240.0,80.0,1320.0,3.65,4.3
2022-11-23,-130.0,80.0,210.0,3.65,4.3
2022-11-24,520.0,550.0,30.0,3.65,4.3
2022-11-25,780.0,800.0,20.0,3.65,4.3
2022-11-28,1680.0,1750.0,70.0,3.65,4.3
2022-11-29,20.0,100.0,80.0,3.65,4.3
2022-11-30,-60.0,20.0,80.0,3.65,4.3
2022-12-01,-530.0,20.0,550.0,3.65,4.3
2022-12-02,-780.0,20.0,800.0,3.65,4.3
2022-12-05,-1680.0,20.0,1700.0,3.65,4.3
2022-12-06,-80.0,20.0,100.0,3.65,4.3
2022-12-07,0.0,20.0,20.0,3.65,4.3
2022-12-08,0.0,20.0,20.0,3.65,4.3
2022-12-09,0.0,20.0,20.0,3.65,4.3
2022-12-12,0.0,20.0,20.0,3.65,4.3
2022-12-13,0.0,20.0,20.0,3.65,4.3
2022-12-14,390.0,410.0,20.0,3.65,4.3
2022-12-15,830.0,850.0,20.0,3.65,4.3
2022-12-16,1440.0,1460.0,20.0,3.65,4.3
2022-12-19,1580.0,1600.0,20.0,3.65,4.3
2022-12-20,1550.0,1570.0,20.0,3.65,4.3
2022-12-21,1640.0,2050.0,410.0,3.65,4.3
2022-12-22,2070.0,2160.0,90.0,3.65,4.3
2022-12-23,2030.0,2080.0,50.0,3.65,4.3
2022-12-26,1830.0,2020.0,190.0,3.65,4.3
2022-12-27,2010.0,2100.0,90.0,3.65,4.3
2022-12-28,1810.0,1830.0,20.0,3.65,4.3
2022-12-29,0.0,0.0,0.0,3.65,4.3
2022-12-30,-5340.0,500.0,5840.0,3.65,4.3
2022-12-31,,,,3.65,4.3
2023-01-03,-3270.0,30.0,3300.0,3.65,4.3
2023-01-04,-3560.0,20.0,3580.0,3.65,4.3
2023-01-05,-3840.0,20.0,3860.0,3.65,4.3
2023-01-06,-410.0,20.0,430.0,3.65,4.3
2023-01-09,-620.0,20.0,640.0,3.65,4.3
2023-01-10,710.0,870.0,160.0,3.65,4.3
2023-01-11,1150.0,1170.0,20.0,3.65,4.3
2023-01-12,1300.0,1320.0,20.0,3.65,4.3
2023-01-13,1540.0,1560.0,20.0,3.65,4.3
2023-01-16,5040.0,5060.0,20.0,3.65,4.3
2023-01-17,5150.0,5800.0,650.0,3.65,4.3
2023-01-18,4670.0,5320.0,650.0,3.65,4.3
2023-01-19,3260.0,3810.0,550.0,3.65,4.3
2023-01-20,-4760.0,2220.0,6980.0,3.65,4.3
2023-01-28,1280.0,1280.0,0.0,3.65,4.3
2023-01-29,990.0,1730.0,740.0,3.65,4.3
2023-01-30,1700.0,4760.0,3060.0,3.65,4.3
2023-01-31,-2920.0,1550.0,4470.0,3.65,4.3
2023-02-01,-4010.0,660.0,4670.0,3.65,4.3
2023-02-02,-2960.0,230.0,3190.0,3.65,4.3
2023-02-03,-3730.0,1500.0,5230.0,3.65,4.3
2023-02-06,-780.0,3930.0,4710.0,3.65,4.3
2023-02-07,4860.0,6410.0,1550.0,3.65,4.3
2023-02-08,3870.0,4530.0,660.0,3.65,4.3
2023-02-09,1800.0,2030.0,230.0,3.65,4.3
2023-02-10,-1040.0,460.0,1500.0,3.65,4.3
2023-02-13,-3020.0,910.0,3930.0,3.65,4.3
2023-02-14,-4380.0,2030.0,6410.0,3.65,4.3
2023-02-15,340.0,4870.0,4530.0,3.65,4.3
2023-02-16,6320.0,8350.0,2030.0,3.65,4.3
2023-02-17,2240.0,2700.0,460.0,3.65,4.3
2023-02-20,590.0,1500.0,910.0,3.65,4.3
2023-02-21,970.0,3000.0,2030.0,3.65,4.3
2023-02-22,-1870.0,3000.0,4870.0,3.65,4.3
2023-02-23,-3650.0,4700.0,8350.0,3.65,4.3
2023-02-24,660.0,3360.0,2700.0,3.65,4.3
2023-02-27,3310.0,4860.0,1550.0,3.65,4.3
2023-02-28,-1930.0,1070.0,3000.0,3.65,4.3
2023-03-01,-2270.0,730.0,3000.0,3.65,4.3
2023-03-02,-4520.0,180.0,4700.0,3.65,4.3
2023-03-03,-3290.0,70.0,3360.0,3.65,4.3
2023-03-06,-4780.0,30.0,4810.0,3.65,4.3
2023-03-07,-1030.0,40.0,1070.0,3.65,4.3
2023-03-08,-700.0,30.0,730.0,3.65,4.3
2023-03-09,-30.0,150.0,180.0,3.65,4.3
2023-03-10,340.0,410.0,70.0,3.65,4.3
2023-03-13,260.0,290.0,30.0,3.65,4.3
2023-03-14,1000.0,1040.0,40.0,3.65,4.3
2023-03-15,1060.0,1090.0,30.0,3.65,4.3
2023-03-16,1650.0,1800.0,150.0,3.65,4.3
2023-03-17,-110.0,300.0,410.0,3.65,4.3
2023-03-20,1530.0,1820.0,290.0,3.65,4.3
2023-03-21,-370.0,670.0,1040.0,3.65,4.3
2023-03-22,-450.0,640.0,1090.0,3.65,4.3
2023-03-23,-1730.0,70.0,1800.0,3.65,4.3
2023-03-24,2250.0,2550.0,300.0,3.65,4.3
2023-03-27,960.0,2780.0,1820.0,3.65,4.3
2023-03-28,1330.0,2050.0,720.0,3.65,4.3
2023-03-29,1750.0,2390.0,640.0,3.65,4.3
2023-03-30,1820.0,1890.0,70.0,3.65,4.3
2023-03-31,-2530.0,20.0,2550.0,3.65,4.3
2023-04-03,-2760.0,20.0,2780.0,3.65,4.3
2023-04-04,-4310.0,80.0,4390.0,3.65,4.3
2023-04-06,-1720.0,170.0,1890.0,3.65,4.3
2023-04-07,160.0,180.0,20.0,3.65,4.3
2023-04-10,30.0,50.0,20.0,3.65,4.3
2023-04-11,70.0,70.0,0.0,3.65,4.3
2023-04-12,10.0,90.0,80.0,3.65,4.3
2023-04-13,-20.0,150.0,170.0,3.65,4.3
2023-04-14,20.0,200.0,180.0,3.65,4.3
2023-04-17,330.0,380.0,50.0,3.65,4.3
2023-04-18,250.0,320.0,70.0,3.65,4.3
2023-04-19,250.0,340.0,90.0,3.65,4.3
2023-04-20,730.0,880.0,150.0,3.65,4.3
2023-04-21,890.0,890.0,0.0,3.65,4.3
2023-04-23,950.0,1150.0,200.0,3.65,4.3
2023-04-24,1270.0,1700.0,430.0,3.65,4.3
2023-04-25,630.0,950.0,320.0,3.65,4.3
2023-04-26,590.0,930.0,340.0,3.65,4.3
2023-04-27,770.0,1650.0,880.0,3.65,4.3
2023-04-28,-5240.0,380.0,5620.0,3.65,4.3
2023-05-04,-1620.0,30.0,1650.0,3.65,4.3
2023-05-05,20.0,20.0,0.0,3.65,4.3
2023-05-06,20.0,20.0,0.0,3.65,4.3
2023-05-08,20.0,20.0,0.0,3.65,4.3
2023-05-09,20.0,20.0,0.0,3.65,4.3
2023-05-10,-310.0,20.0,330.0,3.65,4.3
2023-05-11,-10.0,20.0,30.0,3.65,4.3
2023-05-12,-20.0,20.0,40.0,3.65,4.3
2023-05-15,0.0,20.0,20.0,3.65,4.3
2023-05-16,0.0,20.0,20.0,3.65,4.3
2023-05-17,0.0,20.0,20.0,3.65,4.3
2023-05-18,0.0,20.0,20.0,3.65,4.3
2023-05-19,0.0,20.0,20.0,3.65,4.3
2023-05-22,0.0,20.0,20.0,3.65,4.3
2023-05-23,0.0,20.0,20.0,3.65,4.3
2023-05-24,50.0,70.0,20.0,3.65,4.3
2023-05-25,30.0,50.0,20.0,3.65,4.3
2023-05-26,230.0,300.0,70.0,3.65,4.3
2023-05-29,350.0,370.0,20.0,3.65,4.3
2023-05-30,110.0,130.0,20.0,3.65,4.3
2023-05-31,-50.0,20.0,70.0,3.65,4.3
2023-06-01,-30.0,20.0,50.0,3.65,4.3
2023-06-02,-230.0,20.0,250.0,3.65,4.3
2023-06-05,-350.0,20.0,370.0,3.65,4.3
2023-06-06,-110.0,20.0,130.0,3.65,4.3
2023-06-07,0.0,20.0,20.0,3.65,4.3
2023-06-08,0.0,20.0,20.0,3.65,4.3
2023-06-09,0.0,20.0,20.0,3.65,4.3
2023-06-12,0.0,20.0,20.0,3.65,4.3
2023-06-13,0.0,20.0,20.0,3.65,4.3
2023-06-14,0.0,20.0,20.0,3.65,4.3
2023-06-15,400.0,420.0,20.0,3.65,4.3
2023-06-16,870.0,890.0,20.0,3.65,4.3
2023-06-19,1800.0,1820.0,20.0,3.65,4.3
2023-06-20,1430.0,1450.0,20.0,3.55,4.2
2023-06-21,1520.0,1960.0,440.0,3.55,4.2
2023-06-25,1550.0,2440.0,890.0,3.55,4.2
2023-06-26,320.0,2190.0,1870.0,3.55,4.2
2023-06-27,690.0,2140.0,1450.0,3.55,4.2
2023-06-28,1980.0,1980.0,0.0,3.55,4.2
2023-06-29,1030.0,1030.0,0.0,3.55,4.2
2023-06-30,-4350.0,50.0,4400.0,3.55,4.2
2023-07-03,-2170.0,20.0,2190.0,3.55,4.2
2023-07-04,-2120.0,20.0,2140.0,3.55,4.2
2023-07-05,-1910.0,20.0,1930.0,3.55,4.2
2023-07-06,-1010.0,20.0,1030.0,3.55,4.2
2023-07-07,-30.0,20.0,50.0,3.55,4.2
2023-07-10,0.0,20.0,20.0,3.55,4.2
2023-07-11,0.0,20.0,20.0,3.55,4.2
2023-07-12,30.0,50.0,20.0,3.55,4.2
2023-07-13,180.0,200.0,20.0,3.55,4.2
2023-07-14,310.0,330.0,20.0,3.55,4.2
2023-07-17,130.0,150.0,20.0,3.55,4.2
2023-07-18,230.0,250.0,20.0,3.55,4.2
2023-07-19,210.0,260.0,50.0,3.55,4.2
2023-07-20,-70.0,130.0,200.0,3.55,4.2
2023-07-21,-190.0,140.0,330.0,3.55,4.2
2023-07-24,290.0,490.0,200.0,3.55,4.2
2023-07-25,790.0,1040.0,250.0,3.55,4.2
2023-07-26,880.0,1140.0,260.0,3.55,4.2
2023-07-27,520.0,650.0,130.0,3.55,4.2
2023-07-28,170.0,310.0,140.0,3.55,4.2
2023-07-31,-360.0,80.0,440.0,3.55,4.2
2023-08-01,-950.0,90.0,1040.0,3.55,4.2
2023-08-02,-1110.0,30.0,1140.0,3.55,4.2
2023-08-03,-630.0,20.0,650.0,3.55,4.2
2023-08-04,-280.0,30.0,310.0,3.55,4.2
2023-08-07,-20.0,60.0,80.0,3.55,4.2
2023-08-08,-70.0,20.0,90.0,3.55,4.2
2023-08-09,20.0,50.0,30.0,3.55,4.2
2023-08-10,0.0,20.0,20.0,3.55,4.2
2023-08-11,30.0,60.0,30.0,3.55,4.2
2023-08-14,1980.0,2040.0,60.0,3.55,4.2
2023-08-15,2970.0,2990.0,20.0,3.55,4.2
2023-08-16,1630.0,1680.0,50.0,3.55,4.2
2023-08-17,960.0,980.0,20.0,3.55,4.2
2023-08-18,280.0,340.0,60.0,3.55,4.2
2023-08-21,-930.0,1110.0,2040.0,3.45,4.2
2023-08-22,20.0,3010.0,2990.0,3.45,4.2
2023-08-23,-1070.0,610.0,1680.0,3.45,4.2
2023-08-24,1230.0,2210.0,980.0,3.45,4.2
2023-08-25,2980.0,3320.0,340.0,3.45,4.2
2023-08-28,2740.0,3900.0,1160.0,3.45,4.2
2023-08-29,810.0,3820.0,3010.0,3.45,4.2
2023-08-30,1480.0,2090.0,610.0,3.45,4.2
2023-08-31,-1200.0,1010.0,2210.0,3.45,4.2
2023-09-01,-3200.0,120.0,3320.0,3.45,4.2
2023-09-04,-3710.0,140.0,3850.0,3.45,4.2
2023-09-05,-3560.0,260.0,3820.0,3.45,4.2
2023-09-06,1210.0,3300.0,2090.0,3.45,4.2
2023-09-07,2620.0,3630.0,1010.0,3.45,4.2
2023-09-08,2030.0,2150.0,120.0,3.45,4.2
2023-09-11,1950.0,2090.0,140.0,3.45,4.2
2023-09-12,390.0,650.0,260.0,3.45,4.2
2023-09-13,-2200.0,1100.0,3300.0,3.45,4.2
2023-09-14,-2240.0,1390.0,3630.0,3.45,4.2
2023-09-15,290.0,2440.0,2150.0,3.45,4.2
2023-09-18,590.0,2680.0,2090.0,3.45,4.2
2023-09-19,2260.0,2910.0,650.0,3.45,4.2
2023-09-20,1410.0,2510.0,1100.0,3.45,4.2
2023-09-21,970.0,2020.0,1050.0,3.45,4.2
2023-09-22,1350.0,3190.0,1840.0,3.45,4.2
2023-09-25,1700.0,3780.0,2080.0,3.45,4.2
2023-09-26,4120.0,6220.0,2100.0,3.45,4.2
2023-09-27,4400.0,6090.0,1690.0,3.45,4.2
2023-09-28,-6250.0,2000.0,8250.0,3.45,4.2
2023-10-07,200.0,200.0,0.0,3.45,4.2
2023-10-08,-2990.0,200.0,3190.0,3.45,4.2
2023-10-09,-3110.0,670.0,3780.0,3.45,4.2
2023-10-10,-3150.0,1020.0,4170.0,3.45,4.2
2023-10-11,-3460.0,1620.0,5080.0,3.45,4.2
2023-10-12,950.0,950.0,0.0,3.45,4.2
2023-10-13,-1340.0,1060.0,2400.0,3.45,4.2
2023-10-16,40.0,710.0,670.0,3.45,4.2
2023-10-17,30.0,1050.0,1020.0,3.45,4.2
2023-10-18,1820.0,3440.0,1620.0,3.45,4.2
2023-10-19,7330.0,8280.0,950.0,3.45,4.2
2023-10-20,7020.0,8080.0,1060.0,3.45,4.2
2023-10-23,5220.0,5930.0,710.0,3.45,4.2
2023-10-24,3950.0,5050.0,1100.0,3.45,4.2
2023-10-25,800.0,4240.0,3440.0,3.45,4.2
2023-10-26,-3290.0,4990.0,8280.0,3.45,4.2
2023-10-27,-1500.0,6580.0,8080.0,3.45,4.2
2023-10-30,190.0,6120.0,5930.0,3.45,4.2
2023-10-31,-1090.0,3910.0,5000.0,3.45,4.2
2023-11-01,-2300.0,1940.0,4240.0,3.45,4.2
2023-11-02,-4560.0,430.0,4990.0,3.45,4.2
2023-11-03,-6400.0,180.0,6580.0,3.45,4.2
2023-11-06,-2590.0,3530.0,6120.0,3.45,4.2
2023-11-07,830.0,4740.0,3910.0,3.45,4.2
2023-11-08,80.0,2020.0,1940.0,3.45,4.2
2023-11-09,1600.0,2030.0,430.0,3.45,4.2
2023-11-10,950.0,1130.0,180.0,3.45,4.2
2023-11-13,710.0,4240.0,3530.0,3.45,4.2
2023-11-14,210.0,4950.0,4740.0,3.45,4.2
2023-11-15,1750.0,3770.0,2020.0,3.45,4.2
2023-11-16,1490.0,3520.0,2030.0,3.45,4.2
2023-11-17,920.0,2050.0,1130.0,3.45,4.2
2023-11-20,-1050.0,3190.0,4240.0,3.45,4.2
2023-11-21,-350.0,4600.0,4950.0,3.45,4.2
2023-11-22,1420.0,5190.0,3770.0,3.45,4.2
2023-11-23,3120.0,6640.0,3520.0,3.45,4.2
2023-11-24,2960.0,5010.0,2050.0,3.45,4.2
2023-11-27,910.0,4150.0,3240.0,3.45,4.2
2023-11-28,-170.0,4430.0,4600.0,3.45,4.2
2023-11-29,1440.0,6630.0,5190.0,3.45,4.2
2023-11-30,-5450.0,1190.0,6640.0,3.45,4.2
2023-12-01,-4340.0,670.0,5010.0,3.45,4.2
2023-12-04,-2050.0,2100.0,4150.0,3.45,4.2
2023-12-05,-1980.0,2400.0,4380.0,3.45,4.2
2023-12-06,-3000.0,3630.0,6630.0,3.45,4.2
2023-12-07,780.0,1970.0,1190.0,3.45,4.2
2023-12-08,2180.0,2850.0,670.0,3.45,4.2
2023-12-11,2040.0,4140.0,2100.0,3.45,4.2
2023-12-12,250.0,2650.0,2400.0,3.45,4.2
2023-12-13,-1010.0,2620.0,3630.0,3.45,4.2
2023-12-14,-1470.0,500.0,1970.0,3.45,4.2
2023-12-15,-410.0,2440.0,2850.0,3.45,4.2
2023-12-18,-1130.0,3010.0,4140.0,3.45,4.2
2023-12-19,200.0,2850.0,2650.0,3.45,4.2
2023-12-20,1590.0,4210.0,2620.0,3.45,4.2
2023-12-21,2810.0,3310.0,500.0,3.45,4.2
2023-12-22,2870.0,4710.0,1840.0,3.45,4.2
2023-12-25,3440.0,4680.0,1240.0,3.45,4.2
2023-12-26,2920.0,4260.0,1340.0,3.45,4.2
2023-12-27,1790.0,3740.0,1950.0,3.45,4.2
2023-12-28,1550.0,1950.0,400.0,3.45,4.2
2023-12-29,0.0,0.0,0.0,3.45,4.2
2023-12-31,,,,3.45,4.2
2024-01-02,-8690.0,1370.0,10060.0,3.45,4.2
2024-01-03,-5580.0,140.0,5720.0,3.45,4.2
2024-01-04,-5850.0,150.0,6000.0,3.45,4.2
2024-01-05,-4110.0,750.0,4860.0,3.45,4.2
2024-01-08,-400.0,500.0,900.0,3.45,4.2
2024-01-09,-1570.0,650.0,2220.0,3.45,4.2
2024-01-10,60.0,200.0,140.0,3.45,4.2
2024-01-11,120.0,270.0,150.0,3.45,4.2
2024-01-12,-100.0,650.0,750.0,3.45,4.2
2024-01-15,390.0,890.0,500.0,3.45,4.2
2024-01-16,6950.0,7600.0,650.0,3.45,4.2
2024-01-17,5270.0,5470.0,200.0,3.45,4.2
2024-01-18,730.0,1000.0,270.0,3.45,4.2
2024-01-19,60.0,710.0,650.0,3.45,4.2
2024-01-22,330.0,1220.0,890.0,3.45,4.2
2024-01-23,-2950.0,4650.0,7600.0,3.45,4.2
2024-01-24,-840.0,4630.0,5470.0,3.45,4.2
2024-01-25,3660.0,4710.0,1050.0,3.45,4.2
2024-01-26,3900.0,4610.0,710.0,3.45,4.2
2024-01-29,3780.0,5000.0,1220.0,3.45,4.2
2024-01-30,980.0,5630.0,4650.0,3.45,4.2
2024-01-31,810.0,5440.0,4630.0,3.45,4.2
2024-02-01,-4230.0,430.0,4660.0,3.45,4.2
2024-02-02,-3640.0,970.0,4610.0,3.45,4.2
2024-02-04,430.0,430.0,0.0,3.45,4.2
2024-02-05,-4000.0,1000.0,5000.0,3.45,4.2
2024-02-06,-2240.0,3390.0,5630.0,3.45,4.2
2024-02-07,-1480.0,3960.0,5440.0,3.45,4.2
2024-02-08,3020.0,3450.0,430.0,3.45,4.2
2024-02-09,530.0,1360.0,830.0,3.45,4.2
2024-02-18,-860.0,1050.0,1910.0,3.45,4.2
2024-02-19,-680.0,320.0,1000.0,3.45,4.2
2024-02-20,-2980.0,410.0,3390.0,3.45,3.95
2024-02-21,-3470.0,490.0,3960.0,3.45,3.95
2024-02-22,-1970.0,580.0,2550.0,3.45,3.95
2024-02-23,1550.0,2470.0,920.0,3.45,3.95
2024-02-26,1920.0,3290.0,1370.0,3.45,3.95
2024-02-27,3430.0,3840.0,410.0,3.45,3.95
2024-02-28,2750.0,3290.0,540.0,3.45,3.95
2024-02-29,590.0,1170.0,580.0,3.45,3.95
2024-03-01,-2370.0,100.0,2470.0,3.45,3.95
2024-03-04,-3190.0,100.0,3290.0,3.45,3.95
2024-03-05,-3740.0,100.0,3840.0,3.45,3.95
2024-03-06,-3140.0,100.0,3240.0,3.45,3.95
2024-03-07,-1070.0,100.0,1170.0,3.45,3.95
2024-03-08,0.0,100.0,100.0,3.45,3.95
2024-03-11,0.0,100.0,100.0,3.45,3.95
2024-03-12,0.0,100.0,100.0,3.45,3.95
2024-03-13,-70.0,30.0,100.0,3.45,3.95
2024-03-14,-70.0,30.0,100.0,3.45,3.95
2024-03-15,30.0,130.0,100.0,3.45,3.95
2024-03-18,0.0,100.0,100.0,3.45,3.95
2024-03-19,-50.0,50.0,100.0,3.45,3.95
2024-03-20,0.0,30.0,30.0,3.45,3.95
2024-03-21,-10.0,20.0,30.0,3.45,3.95
2024-03-22,-110.0,20.0,130.0,3.45,3.95
2024-03-25,400.0,500.0,100.0,3.45,3.95
2024-03-26,1450.0,1550.0,100.0,3.45,3.95
2024-03-27,2470.0,2500.0,30.0,3.45,3.95
2024-03-28,2480.0,2500.0,20.0,3.45,3.95
2024-03-29,1480.0,1500.0,20.0,3.45,3.95
2024-04-01,-480.0,20.0,500.0,3.45,3.95
2024-04-02,-1480.0,20.0,1500.0,3.45,3.95
2024-04-03,-2480.0,20.0,2500.0,3.45,3.95
2024-04-07,-3980.0,20.0,4000.0,3.45,3.95
2024-04-08,0.0,20.0,20.0,3.45,3.95
2024-04-09,0.0,20.0,20.0,3.45,3.95
2024-04-10,0.0,20.0,20.0,3.45,3.95
2024-04-11,20.0,20.0,0.0,3.45,3.95
2024-04-12,20.0,20.0,0.0,3.45,3.95
2024-04-15,-20.0,20.0,40.0,3.45,3.95
2024-04-16,0.0,20.0,20.0,3.45,3.95
2024-04-17,0.0,20.0,20.0,3.45,3.95
2024-04-18,0.0,20.0,20.0,3.45,3.95
2024-04-19,0.0,20.0,20.0,3.45,3.95
2024-04-22,0.0,20.0,20.0,3.45,3.95
2024-04-23,0.0,20.0,20.0,3.45,3.95
2024-04-24,0.0,20.0,20.0,3.45,3.95
2024-04-25,0.0,70.0,70.0,3.45,3.95
2024-04-26,0.0,20.0,20.0,3.45,3.95
2024-04-28,20.0,20.0,0.0,3.45,3.95
2024-04-29,0.0,20.0,20.0,3.45,3.95
2024-04-30,4380.0,4400.0,20.0,3.45,3.95
2024-05-06,-80.0,20.0,100.0,3.45,3.95
2024-05-07,-4380.0,20.0,4400.0,3.45,3.95
2024-05-08,20.0,20.0,0.0,3.45,3.95
2024-05-09,20.0,20.0,0.0,3.45,3.95
2024-05-10,20.0,20.0,0.0,3.45,3.95
2024-05-11,20.0,20.0,0.0,3.45,3.95
2024-05-13,0.0,20.0,20.0,3.45,3.95
2024-05-14,0.0,20.0,20.0,3.45,3.95
2024-05-15,0.0,20.0,20.0,3.45,3.95
2024-05-16,0.0,20.0,20.0,3.45,3.95
2024-05-17,0.0,20.0,20.0,3.45,3.95
2024-05-20,-20.0,20.0,40.0,3.45,3.95
2024-05-21,0.0,20.0,20.0,3.45,3.95
2024-05-22,0.0,20.0,20.0,3.45,3.95
2024-05-23,0.0,20.0,20.0,3.45,3.95
2024-05-24,0.0,20.0,20.0,3.45,3.95
2024-05-27,0.0,20.0,20.0,3.45,3.95
2024-05-28,0.0,70.0,70.0,3.45,3.95
2024-05-29,2480.0,2500.0,20.0,3.45,3.95
2024-05-30,2580.0,2600.0,20.0,3.45,3.95
2024-05-31,980.0,1000.0,20.0,3.45,3.95
2024-06-03,0.0,20.0,20.0,3.45,3.95
2024-06-04,0.0,20.0,20.0,3.45,3.95
2024-06-05,-2480.0,20.0,2500.0,3.45,3.95
2024-06-06,-2580.0,20.0,2600.0,3.45,3.95
2024-06-07,-980.0,20.0,1000.0,3.45,3.95
2024-06-11,-20.0,20.0,40.0,3.45,3.95
2024-06-12,0.0,20.0,20.0,3.45,3.95
2024-06-13,0.0,20.0,20.0,3.45,3.95
2024-06-14,0.0,20.0,20.0,3.45,3.95
2024-06-17,40.0,40.0,0.0,3.45,3.95
2024-06-18,840.0,860.0,20.0,3.45,3.95
2024-06-19,2760.0,2780.0,20.0,3.45,3.95
2024-06-20,180.0,200.0,20.0,3.45,3.95
2024-06-21,80.0,100.0,20.0,3.45,3.95
2024-06-24,460.0,500.0,40.0,3.45,3.95
2024-06-25,2140.0,3000.0,860.0,3.45,3.95
2024-06-26,-280.0,2550.0,2830.0,3.45,3.95
2024-06-27,800.0,1000.0,200.0,3.45,3.95
2024-06-28,400.0,500.0,100.0,3.45,3.95
2024-07-01,-480.0,20.0,500.0,3.45,3.95
2024-07-02,-2980.0,20.0,3000.0,3.45,3.95
2024-07-03,-2480.0,20.0,2500.0,3.45,3.95
2024-07-04,-980.0,20.0,1000.0,3.45,3.95
2024-07-05,-480.0,20.0,500.0,3.45,3.95
2024-07-08,0.0,20.0,20.0,3.45,3.95
2024-07-09,0.0,20.0,20.0,3.45,3.95
2024-07-10,0.0,20.0,20.0,3.45,3.95
2024-07-11,0.0,20.0,20.0,3.45,3.95
2024-07-12,0.0,20.0,20.0,3.45,3.95
2024-07-15,1270.0,1290.0,20.0,3.45,3.95
2024-07-16,6740.0,6760.0,20.0,3.45,3.95
2024-07-17,2680.0,2700.0,20.0,3.45,3.95
2024-07-18,470.0,490.0,20.0,3.45,3.95
2024-07-19,570.0,590.0,20.0,3.45,3.95
2024-07-22,-708.0,582.0,1290.0,3.35,3.85
2024-07-23,-4087.0,2673.0,6760.0,3.35,3.85
2024-07-24,-2039.0,661.0,2700.0,3.35,3.85
2024-07-25,1861.0,2401.0,540.0,3.35,3.85
2024-07-26,2990.5,3580.5,590.0,3.35,3.85
2024-07-29,2433.7,3015.7,582.0,3.35,3.85
2024-07-30,-510.3,2162.7,2673.0,3.35,3.85
2024-07-31,1855.7,2516.7,661.0,3.35,3.85
2024-08-01,-2247.3,103.7,2351.0,3.35,3.85
2024-08-02,-3568.8,11.7,3580.5,3.35,3.85
2024-08-05,-3009.0,6.7,3015.7,3.35,3.85
2024-08-06,-2156.5,6.2,2162.7,3.35,3.85
2024-08-07,-2516.7,0.0,2516.7,3.35,3.85
2024-08-08,-32.7,71.0,103.7,3.35,3.85
2024-08-09,117.3,129.0,11.7,3.35,3.85
2024-08-12,738.3,745.0,6.7,3.35,3.85
2024-08-13,3850.8,3857.0,6.2,3.35,3.85
2024-08-14,3692.0,3692.0,0.0,3.35,3.85
2024-08-15,5706.0,5777.0,71.0,3.35,3.85
2024-08-16,1249.0,1378.0,129.0,3.35,3.85
2024-08-19,-224.0,521.0,745.0,3.35,3.85
2024-08-20,-2366.0,1491.0,3857.0,3.35,3.85
2024-08-21,-1112.0,2580.0,3692.0,3.35,3.85
2024-08-22,-2184.0,3593.0,5777.0,3.35,3.85
2024-08-23,2415.0,3793.0,1378.0,3.35,3.85
2024-08-26,4189.0,4710.0,521.0,3.35,3.85
2024-08-27,3234.0,4725.0,1491.0,3.35,3.85
2024-08-28,193.0,2823.0,2630.0,3.35,3.85
2024-08-29,-2084.0,1509.0,3593.0,3.35,3.85
2024-08-30,-3492.0,301.0,3793.0,3.35,3.85
2024-09-02,-4675.0,35.0,4710.0,3.35,3.85
2024-09-03,-4713.0,12.0,4725.0,3.35,3.85
2024-09-04,-2766.0,7.0,2773.0,3.35,3.85
2024-09-05,-876.0,633.0,1509.0,3.35,3.85
2024-09-06,1114.0,1415.0,301.0,3.35,3.85
2024-09-09,880.0,915.0,35.0,3.35,3.85
2024-09-10,1848.0,1860.0,12.0,3.35,3.85
2024-09-11,2093.0,2100.0,7.0,3.35,3.85
2024-09-12,975.0,1608.0,633.0,3.35,3.85
2024-09-13,947.0,2362.0,1415.0,3.35,3.85
2024-09-14,1387.0,1387.0,0.0,3.35,3.85
2024-09-18,807.0,5682.0,4875.0,3.35,3.85
2024-09-19,3628.0,5236.0,1608.0,3.35,3.85
2024-09-20,3357.0,5719.0,2362.0,3.35,3.85
2024-09-23,959.0,2346.0,1387.0,3.35,3.85
2024-09-24,4600.0,4600.0,0.0,3.35,3.85
2024-09-25,-3717.0,1965.0,5682.0,3.35,3.85
2024-09-26,-2313.5,2970.0,5283.5,3.35,3.85
2024-09-27,-2939.0,2780.0,5719.0,3.35,3.85
2024-09-29,1820.0,1820.0,0.0,3.35,3.85
2024-09-30,520.0,2121.0,1601.0,3.35,3.85
2024-10-08,-8869.0,417.0,9286.0,3.35,3.85
2024-10-09,-1355.0,610.0,1965.0,3.35,3.85
2024-10-10,-1420.0,1500.0,2920.0,3.35,3.85
2024-10-11,-1838.0,942.0,2780.0,3.35,3.85
2024-10-12,232.0,232.0,0.0,3.35,3.85
2024-10-14,195.0,195.0,0.0,3.35,3.85
2024-10-15,266.0,683.0,417.0,3.35,3.85
2024-10-16,5814.0,6424.0,610.0,3.35,3.85
2024-10-17,-174.0,1326.0,1500.0,3.35,3.85
2024-10-18,142.0,1084.0,942.0,3.35,3.85
2024-10-21,1662.0,2089.0,427.0,3.1,3.6
2024-10-22,901.0,1584.0,683.0,3.1,3.6
2024-10-23,1503.0,7927.0,6424.0,3.1,3.6
2024-10-24,6663.0,7989.0,1326.0,3.1,3.6
2024-10-25,1844.8,2976.0,1131.2,3.1,3.6
2024-10-28,327.0,2416.0,2089.0,3.1,3.6
2024-10-29,2244.0,3828.0,1584.0,3.1,3.6
2024-10-30,-3617.0,4310.0,7927.0,3.1,3.6
2024-10-31,-4713.0,3276.0,7989.0,3.1,3.6
2024-11-01,-2755.0,171.0,2926.0,3.1,3.6
2024-11-04,-2243.0,173.0,2416.0,3.1,3.6
2024-11-05,-3645.0,183.0,3828.0,3.1,3.6
2024-11-06,-4137.0,173.0,4310.0,3.1,3.6
2024-11-07,-3084.0,192.0,3276.0,3.1,3.6
2024-11-08,-49.0,122.0,171.0,3.1,3.6
2024-11-11,1164.0,1337.0,173.0,3.1,3.6
2024-11-12,1072.0,1255.0,183.0,3.1,3.6
2024-11-13,2157.0,2330.0,173.0,3.1,3.6
2024-11-14,3090.0,3282.0,192.0,3.1,3.6
2024-11-15,9688.0,9810.0,122.0,3.1,3.6
2024-11-18,389.0,1726.0,1337.0,3.1,3.6
2024-11-19,1628.0,2883.0,1255.0,3.1,3.6
2024-11-20,691.0,3021.0,2330.0,3.1,3.6
2024-11-21,1419.0,4701.0,3282.0,3.1,3.6
2024-11-22,-3459.0,6351.0,9810.0,3.1,3.6
2024-11-25,767.0,2493.0,1726.0,3.1,3.6
2024-11-26,110.0,2993.0,2883.0,3.1,3.6
2024-11-27,-338.0,2683.0,3021.0,3.1,3.6
2024-11-28,-2786.7,1953.0,4739.7,3.1,3.6
2024-11-29,-1561.0,4790.0,6351.0,3.1,3.6
2024-12-02,-2160.0,333.0,2493.0,3.1,3.6
2024-12-03,-2480.0,513.0,2993.0,3.1,3.6
2024-12-04,-2270.0,413.0,2683.0,3.1,3.6
2024-12-05,-1530.0,373.0,1903.0,3.1,3.6
2024-12-06,-2881.0,1909.0,4790.0,3.1,3.6
2024-12-09,138.0,471.0,333.0,3.1,3.6
2024-12-10,903.0,1416.0,513.0,3.1,3.6
2024-12-11,373.0,786.0,413.0,3.1,3.6
2024-12-12,288.0,661.0,373.0,3.1,3.6
2024-12-13,142.0,2051.0,1909.0,3.1,3.6
2024-12-16,7060.0,7531.0,471.0,3.1,3.6
2024-12-17,2138.0,3554.0,1416.0,3.1,3.6
2024-12-18,3090.0,3876.0,786.0,3.1,3.6
2024-12-19,145.0,806.0,661.0,3.1,3.6
2024-12-20,-1035.0,1016.0,2051.0,3.1,3.6
2024-12-23,-6435.0,1096.0,7531.0,3.1,3.6
2024-12-24,-2913.0,641.0,3554.0,3.1,3.6
2024-12-25,-1953.0,1923.0,3876.0,3.1,3.6
2024-12-26,269.5,1110.5,841.0,3.1,3.6
2024-12-27,62.0,1078.0,1016.0,3.1,3.6
2024-12-30,-205.0,891.0,1096.0,3.1,3.6
2024-12-31,936.0,1577.0,641.0,3.1,3.6
2025-01-02,-2738.0,248.0,2986.0,3.1,3.6
2025-01-03,-885.0,193.0,1078.0,3.1,3.6
2025-01-06,-750.0,141.0,891.0,3.1,3.6
2025-01-07,-1506.0,71.0,1577.0,3.1,3.6
2025-01-08,11.0,11.0,0.0,3.1,3.6
2025-01-09,-207.0,41.0,248.0,3.1,3.6
2025-01-10,-148.0,45.0,193.0,3.1,3.6
2025-01-13,107.0,248.0,141.0,3.1,3.6
2025-01-14,479.0,550.0,71.0,3.1,3.6
2025-01-15,9584.0,9595.0,11.0,3.1,3.6
2025-01-16,3364.0,3405.0,41.0,3.1,3.6
2025-01-17,1005.0,1050.0,45.0,3.1,3.6
2025-01-20,982.0,1230.0,248.0,3.1,3.6
2025-01-21,2010.0,2560.0,550.0,3.1,3.6
2025-01-22,1980.0,11575.0,9595.0,3.1,3.6
2025-01-23,1395.0,4800.0,3405.0,3.1,3.6
2025-01-24,1790.0,2840.0,1050.0,3.1,3.6
2025-01-26,1557.2,1557.2,0.0,3.1,3.6
2025-01-27,1750.0,2980.0,1230.0,3.1,3.6
2025-02-05,-7165.0,6970.0,14135.0,3.1,3.6
2025-02-06,-2045.0,2755.0,4800.0,3.1,3.6
2025-02-07,-1003.0,1837.0,2840.0,3.1,3.6
2025-02-08,140.0,140.0,0.0,3.1,3.6
2025-02-10,-2340.0,2150.0,4490.0,3.1,3.6
2025-02-11,330.0,330.0,0.0,3.1,3.6
2025-02-12,-1390.0,5580.0,6970.0,3.1,3.6
2025-02-13,-1497.0,1258.0,2755.0,3.1,3.6
2025-02-14,-852.0,985.0,1837.0,3.1,3.6
2025-02-17,-385.0,1905.0,2290.0,3.1,3.6
2025-02-18,4562.0,4892.0,330.0,3.1,3.6
2025-02-19,-191.0,5389.0,5580.0,3.1,3.6
2025-02-20,-8.0,1250.0,1258.0,3.1,3.6
2025-02-21,840.0,1825.0,985.0,3.1,3.6
2025-02-24,1020.0,2925.0,1905.0,3.1,3.6
2025-02-25,-1707.0,3185.0,4892.0,3.1,3.6
2025-02-26,98.0,5487.0,5389.0,3.1,3.6
2025-02-27,900.0,2150.0,1250.0,3.1,3.6
2025-02-28,1058.7,2883.7,1825.0,3.1,3.6
2025-03-03,-1955.0,970.0,2925.0,3.1,3.6
2025-03-04,-2803.0,382.0,3185.0,3.1,3.6
2025-03-05,-1955.0,3532.0,5487.0,3.1,3.6
2025-03-06,-1105.0,1045.0,2150.0,3.1,3.6
2025-03-07,-995.0,1850.0,2845.0,3.1,3.6
2025-03-10,-5.0,965.0,970.0,3.1,3.6
2025-03-11,-5.0,377.0,382.0,3.1,3.6
2025-03-12,-1778.0,1754.0,3532.0,3.1,3.6
2025-03-13,-686.0,359.0,1045.0,3.1,3.6
2025-03-14,-43.0,1807.0,1850.0,3.1,3.6
2025-03-17,3845.0,4810.0,965.0,3.1,3.6
2025-03-18,2356.0,2733.0,377.0,3.1,3.6
2025-03-19,1205.0,2959.0,1754.0,3.1,3.6
2025-03-20,2326.0,2685.0,359.0,3.1,3.6
2025-03-21,-877.0,930.0,1807.0,3.1,3.6
2025-03-24,-3460.0,1350.0,4810.0,3.1,3.6
2025-03-25,1046.0,3779.0,2733.0,3.1,3.6
2025-03-26,1630.0,4589.0,2959.0,3.1,3.6
2025-03-27,-500.0,2185.0,2685.0,3.1,3.6
2025-03-28,-145.0,785.0,930.0,3.1,3.6
2025-03-31,317.0,1667.0,1350.0,3.1,3.6
2025-04-01,-3130.0,649.0,3779.0,3.1,3.6
2025-04-02,-2255.0,2299.0,4554.0,3.1,3.6
2025-04-03,49.0,2234.0,2185.0,3.1,3.6
2025-04-07,-1517.0,935.0,2452.0,3.1,3.6
2025-04-08,1025.0,1674.0,649.0,3.1,3.6
2025-04-09,-1110.0,1189.0,2299.0,3.1,3.6
2025-04-10,-1575.0,659.0,2234.0,3.1,3.6
2025-04-11,285.0,285.0,0.0,3.1,3.6
2025-04-14,-505.0,430.0,935.0,3.1,3.6
2025-04-15,-29.0,1645.0,1674.0,3.1,3.6
2025-04-16,-144.0,1045.0,1189.0,3.1,3.6
2025-04-17,1796.0,2455.0,659.0,3.1,3.6
2025-04-18,2220.0,2505.0,285.0,3.1,3.6
2025-04-21,1330.0,1760.0,430.0,3.1,3.6
2025-04-22,560.0,2205.0,1645.0,3.1,3.6
2025-04-23,35.0,1080.0,1045.0,3.1,3.6
2025-04-24,-275.0,2180.0,2455.0,3.1,3.6
2025-04-25,-910.0,1595.0,2505.0,3.1,3.6
2025-04-27,900.0,900.0,0.0,3.1,3.6
2025-04-28,1030.0,2790.0,1760.0,3.1,3.6
2025-04-29,1200.0,3405.0,2205.0,3.1,3.6
2025-04-30,4228.0,5308.0,1080.0,3.1,3.6
2025-05-06,-6820.0,4050.0,10870.0,3.1,3.6
2025-05-07,-3353.0,1955.0,5308.0,3.1,3.6
2025-05-08,1586.0,1586.0,0.0,3.1,3.6
2025-05-09,770.0,770.0,0.0,3.1,3.6
2025-05-12,430.0,430.0,0.0,3.1,3.6
2025-05-13,-2250.0,1800.0,4050.0,3.1,3.6
2025-05-14,-1035.0,920.0,1955.0,3.1,3.6
2025-05-15,-941.0,645.0,1586.0,3.1,3.6
2025-05-16,295.0,1065.0,770.0,3.1,3.6
2025-05-19,920.0,1350.0,430.0,3.1,3.6
2025-05-20,1770.0,3570.0,1800.0,3.0,3.5
2025-05-21,650.0,1570.0,920.0,3.0,3.5
2025-05-22,900.0,1545.0,645.0,3.0,3.5
2025-05-23,360.0,1425.0,1065.0,3.0,3.5
2025-05-26,2470.0,3820.0,1350.0,3.0,3.5
2025-05-27,910.0,4480.0,3570.0,3.0,3.5
2025-05-28,585.0,2155.0,1570.0,3.0,3.5
2025-05-29,1115.0,2660.0,1545.0,3.0,3.5
2025-05-30,1486.0,2911.0,1425.0,3.0,3.5
2025-06-03,-3755.0,4545.0,8300.0,3.0,3.5
2025-06-04,-6.0,2149.0,2155.0,3.0,3.5
2025-06-05,-1395.0,1265.0,2660.0,3.0,3.5
2025-06-06,-1561.0,1350.0,2911.0,3.0,3.5
2025-06-09,1738.0,1738.0,0.0,3.0,3.5
2025-06-10,-2559.0,1986.0,4545.0,3.0,3.5
2025-06-11,-509.0,1640.0,2149.0,3.0,3.5
2025-06-12,-72.0,1193.0,1265.0,3.0,3.5
2025-06-13,675.0,2025.0,1350.0,3.0,3.5
2025-06-16,682.0,2420.0,1738.0,3.0,3.5
2025-06-17,-13.0,1973.0,1986.0,3.0,3.5
2025-06-18,-77.0,1563.0,1640.0,3.0,3.5
2025-06-19,842.0,2035.0,1193.0,3.0,3.5
2025-06-20,-413.0,1612.0,2025.0,3.0,3.5
2025-06-23,-215.0,2205.0,2420.0,3.0,3.5
2025-06-24,2092.0,4065.0,1973.0,3.0,3.5
2025-06-25,2090.0,3653.0,1563.0,3.0,3.5
2025-06-26,3058.0,5093.0,2035.0,3.0,3.5
2025-06-27,3647.0,5259.0,1612.0,3.0,3.5
2025-06-30,1110.0,3315.0,2205.0,3.0,3.5
2025-07-01,-2755.0,1310.0,4065.0,3.0,3.5
2025-07-02,-2668.0,985.0,3653.0,3.0,3.5
2025-07-03,-4521.0,572.0,5093.0,3.0,3.5
2025-07-04,-4919.0,340.0,5259.0,3.0,3.5
2025-07-07,-2250.0,1065.0,3315.0,3.0,3.5
2025-07-08,-620.0,690.0,1310.0,3.0,3.5
2025-07-09,-230.0,755.0,985.0,3.0,3.5
2025-07-10,328.0,900.0,572.0,3.0,3.5
2025-07-11,507.0,847.0,340.0,3.0,3.5
2025-07-14,1197.0,2262.0,1065.0,3.0,3.5
2025-07-15,2735.0,3425.0,690.0,3.0,3.5
2025-07-16,4446.0,5201.0,755.0,3.0,3.5
2025-07-17,3605.0,4505.0,900.0,3.0,3.5
2025-07-18,1028.0,1875.0,847.0,3.0,3.5
2025-07-21,-555.0,1707.0,2262.0,3.0,3.5
2025-07-22,-1277.0,2148.0,3425.0,3.0,3.5
2025-07-23,-3696.0,1505.0,5201.0,3.0,3.5
2025-07-24,-1195.0,3310.0,4505.0,3.0,3.5
2025-07-25,6018.0,7893.0,1875.0,3.0,3.5
2025-07-28,3251.0,4958.0,1707.0,3.0,3.5
2025-07-29,2344.0,4492.0,2148.0,3.0,3.5
2025-07-30,1585.0,3090.0,1505.0,3.0,3.5
2025-07-31,-478.0,2832.0,3310.0,3.0,3.5
2025-08-01,-6633.0,1260.0,7893.0,3.0,3.5
2025-08-04,490.0,5448.0,4958.0,3.0,3.5
2025-08-05,-2885.0,1607.0,4492.0,3.0,3.5
2025-08-06,-1705.0,1385.0,3090.0,3.0,3.5
2025-08-07,-1225.0,1607.0,2832.0,3.0,3.5
2025-08-08,-40.0,1220.0,1260.0,3.0,3.5
2025-08-11,-4328.0,1120.0,5448.0,3.0,3.5
2025-08-12,-461.0,1146.0,1607.0,3.0,3.5
2025-08-13,-200.0,1185.0,1385.0,3.0,3.5
